160,0,557,0,1034,1527,1604,1923
161,0,558,0,1035,1528,1605,1924
162,0,559,0,1036,1529,1606,1925
163,0,560,0,1037,1530,1607,1926
164,0,561,0,1038,1531,1608,1927
165,0,562,0,1039,1532,1609,1928
166,0,563,0,1040,1533,1610,1929
167,0,564,0,1041,1534,1611,1930
168,0,565,0,1042,1535,1612,1931
169,0,566,0,1043,1536,1613,1932
170,0,567,0,1044,1281,1614,1933
171,0,568,0,1045,1282,1615,1934
172,0,569,0,1046,1283,1616,1935
173,0,570,0,1047,1284,1617,1936
174,0,571,0,1048,1285,1618,1937
175,0,572,0,1049,1286,1619,1938
176,0,573,0,1050,1287,1620,1939
177,0,574,0,1051,1288,1621,1940
178,0,575,0,1052,1289,1622,1941
179,0,576,0,1053,1290,1623,1942
180,0,577,0,1054,1291,1624,1943
181,0,578,0,1055,1292,1625,1944
182,0,579,0,1056,1293,1626,1945
183,0,580,0,1057,1294,1627,1946
184,0,581,0,1058,1295,1628,1947
185,0,582,0,1059,1296,1629,1948
186,0,583,0,1060,1297,1630,1949
187,0,584,0,1061,1298,1631,1950
188,0,585,0,1062,1299,1632,1951
189,0,586,0,1063,1300,1633,1952
190,0,587,0,1064,1301,1634,1953
191,0,588,0,1065,1302,1635,1954
192,0,589,0,1066,1303,1636,1955
193,0,590,0,1067,1304,1637,1956
194,0,591,0,1068,1305,1638,1957
195,0,592,0,1069,1306,1639,1958
196,0,593,0,1070,1307,1640,1959
197,0,594,0,1071,1308,1641,1960
198,0,595,0,1072,1309,1642,1961
199,0,596,0,1073,1310,1643,1962
200,0,597,0,1074,1311,1644,1963
201,0,598,0,1075,1312,1645,1964
202,0,599,0,1076,1313,1646,1965
203,0,600,0,1077,1314,1647,1966
204,0,601,0,1078,1315,1648,1967
205,0,602,0,1079,1316,1649,1968
206,0,603,0,1080,1317,1650,1969
207,0,604,0,1081,1318,1651,1970
208,0,605,0,1082,1319,1652,1971
209,0,606,0,1083,1320,1653,1972
210,0,607,0,1084,1321,1654,1973
211,0,608,0,1085,1322,1655,1974
212,0,609,0,1086,1323,1656,1975
213,0,610,0,1087,1324,1657,1976
214,0,611,0,1088,1325,1658,1977
215,0,612,0,1089,1326,1659,1978
216,0,613,0,1090,1327,1660,1979
217,0,614,0,1091,1328,1661,1980
218,0,615,0,1092,1329,1662,1981
219,0,616,0,1093,1330,1663,1982
220,0,617,0,1094,1331,1664,1983
221,0,618,0,1095,1332,1665,1984
222,0,619,0,1096,1333,1666,1985
223,0,620,0,1097,1334,1667,1986
224,0,621,0,1098,1335,1668,1987
225,0,622,0,1099,1336,1669,1988
226,0,623,0,1100,1337,1670,1989
227,0,624,0,1101,1338,1671,1990
228,0,625,0,1102,1339,1672,1991
229,0,626,0,1103,1340,1673,1992
230,0,627,0,1104,1341,1674,1993
231,0,628,0,1105,1342,1675,1994
232,0,629,0,1106,1343,1676,1995
233,0,630,0,1107,1344,1677,1996
234,0,631,0,1108,1345,1678,1997
235,0,632,0,1109,1346,1679,1998
236,0,633,0,1110,1347,1680,1999
237,0,634,0,1111,1348,1681,2000
238,0,635,0,1112,1349,1682,2001
239,0,636,0,1113,1350,1683,2002
240,0,637,0,1114,1351,1684,2003
241,0,638,0,1115,1352,1685,2004
242,0,639,0,1116,1353,1686,2005
243,0,640,0,1117,1354,1687,2006
244,0,641,0,1118,1355,1688,2007
245,0,642,0,1119,1356,1689,2008
246,0,643,0,1120,1357,1690,2009
247,0,644,0,1121,1358,1691,2010
248,0,645,0,1122,1359,1692,2011
249,0,646,0,1123,1360,1693,2012
250,0,647,0,1124,1361,1694,2013
251,0,648,0,1125,1362,1695,2014
252,0,649,0,1126,1363,1696,2015
253,0,650,0,1127,1364,1697,2016
254,0,651,0,1128,1365,1698,2017
255,0,652,0,1129,1366,1699,2018
256,0,653,0,1130,1367,1700,2019
1,0,654,0,1131,1368,1701,2020
2,0,655,0,1132,1369,1702,2021
3,0,656,0,1133,1370,1703,2022
4,0,657,0,1134,1371,1704,2023
5,0,658,0,1135,1372,1705,2024
6,0,659,0,1136,1373,1706,2025
7,0,660,0,1137,1374,1707,2026
8,0,661,0,1138,1375,1708,2027
9,0,662,0,1139,1376,1709,2028
10,0,663,0,1140,1377,1710,2029
11,0,664,0,1141,1378,1711,2030
12,0,665,0,1142,1379,1712,2031
13,0,666,0,1143,1380,1713,2032
14,0,667,0,1144,1381,1714,2033
15,0,668,0,1145,1382,1715,2034
16,0,669,0,1146,1383,1716,2035
17,0,670,0,1147,1384,1717,2036
18,0,671,0,1148,1385,1718,2037
19,0,672,0,1149,1386,1719,2038
20,0,673,0,1150,1387,1720,2039
21,0,674,0,1151,1388,1721,2040
22,0,675,0,1152,1389,1722,2041
23,0,676,0,1153,1390,1723,2042
24,0,677,0,1154,1391,1724,2043
25,0,678,0,1155,1392,1725,2044
26,0,679,0,1156,1393,1726,2045
27,0,680,0,1157,1394,1727,2046
28,0,681,0,1158,1395,1728,2047
29,0,682,0,1159,1396,1729,2048
30,0,683,0,1160,1397,1730,1793
31,0,684,0,1161,1398,1731,1794
32,0,685,0,1162,1399,1732,1795
33,0,686,0,1163,1400,1733,1796
34,0,687,0,1164,1401,1734,1797
35,0,688,0,1165,1402,1735,1798
36,0,689,0,1166,1403,1736,1799
37,0,690,0,1167,1404,1737,1800
38,0,691,0,1168,1405,1738,1801
39,0,692,0,1169,1406,1739,1802
40,0,693,0,1170,1407,1740,1803
41,0,694,0,1171,1408,1741,1804
42,0,695,0,1172,1409,1742,1805
43,0,696,0,1173,1410,1743,1806
44,0,697,0,1174,1411,1744,1807
45,0,698,0,1175,1412,1745,1808
46,0,699,0,1176,1413,1746,1809
47,0,700,0,1177,1414,1747,1810
48,0,701,0,1178,1415,1748,1811
49,0,702,0,1179,1416,1749,1812
50,0,703,0,1180,1417,1750,1813
51,0,704,0,1181,1418,1751,1814
52,0,705,0,1182,1419,1752,1815
53,0,706,0,1183,1420,1753,1816
54,0,707,0,1184,1421,1754,1817
55,0,708,0,1185,1422,1755,1818
56,0,709,0,1186,1423,1756,1819
57,0,710,0,1187,1424,1757,1820
58,0,711,0,1188,1425,1758,1821
59,0,712,0,1189,1426,1759,1822
60,0,713,0,1190,1427,1760,1823
61,0,714,0,1191,1428,1761,1824
62,0,715,0,1192,1429,1762,1825
63,0,716,0,1193,1430,1763,1826
64,0,717,0,1194,1431,1764,1827
65,0,718,0,1195,1432,1765,1828
66,0,719,0,1196,1433,1766,1829
67,0,720,0,1197,1434,1767,1830
68,0,721,0,1198,1435,1768,1831
69,0,722,0,1199,1436,1769,1832
70,0,723,0,1200,1437,1770,1833
71,0,724,0,1201,1438,1771,1834
72,0,725,0,1202,1439,1772,1835
73,0,726,0,1203,1440,1773,1836
74,0,727,0,1204,1441,1774,1837
75,0,728,0,1205,1442,1775,1838
76,0,729,0,1206,1443,1776,1839
77,0,730,0,1207,1444,1777,1840
78,0,731,0,1208,1445,1778,1841
79,0,732,0,1209,1446,1779,1842
80,0,733,0,1210,1447,1780,1843
81,0,734,0,1211,1448,1781,1844
82,0,735,0,1212,1449,1782,1845
83,0,736,0,1213,1450,1783,1846
84,0,737,0,1214,1451,1784,1847
85,0,738,0,1215,1452,1785,1848
86,0,739,0,1216,1453,1786,1849
87,0,740,0,1217,1454,1787,1850
88,0,741,0,1218,1455,1788,1851
89,0,742,0,1219,1456,1789,1852
90,0,743,0,1220,1457,1790,1853
91,0,744,0,1221,1458,1791,1854
92,0,745,0,1222,1459,1792,1855
93,0,746,0,1223,1460,1537,1856
94,0,747,0,1224,1461,1538,1857
95,0,748,0,1225,1462,1539,1858
96,0,749,0,1226,1463,1540,1859
97,0,750,0,1227,1464,1541,1860
98,0,751,0,1228,1465,1542,1861
99,0,752,0,1229,1466,1543,1862
100,0,753,0,1230,1467,1544,1863
101,0,754,0,1231,1468,1545,1864
102,0,755,0,1232,1469,1546,1865
103,0,756,0,1233,1470,1547,1866
104,0,757,0,1234,1471,1548,1867
105,0,758,0,1235,1472,1549,1868
106,0,759,0,1236,1473,1550,1869
107,0,760,0,1237,1474,1551,1870
108,0,761,0,1238,1475,1552,1871
109,0,762,0,1239,1476,1553,1872
110,0,763,0,1240,1477,1554,1873
111,0,764,0,1241,1478,1555,1874
112,0,765,0,1242,1479,1556,1875
113,0,766,0,1243,1480,1557,1876
114,0,767,0,1244,1481,1558,1877
115,0,768,0,1245,1482,1559,1878
116,0,513,0,1246,1483,1560,1879
117,0,514,0,1247,1484,1561,1880
118,0,515,0,1248,1485,1562,1881
119,0,516,0,1249,1486,1563,1882
120,0,517,0,1250,1487,1564,1883
121,0,518,0,1251,1488,1565,1884
122,0,519,0,1252,1489,1566,1885
123,0,520,0,1253,1490,1567,1886
124,0,521,0,1254,1491,1568,1887
125,0,522,0,1255,1492,1569,1888
126,0,523,0,1256,1493,1570,1889
127,0,524,0,1257,1494,1571,1890
128,0,525,0,1258,1495,1572,1891
129,0,526,0,1259,1496,1573,1892
130,0,527,0,1260,1497,1574,1893
131,0,528,0,1261,1498,1575,1894
132,0,529,0,1262,1499,1576,1895
133,0,530,0,1263,1500,1577,1896
134,0,531,0,1264,1501,1578,1897
135,0,532,0,1265,1502,1579,1898
136,0,533,0,1266,1503,1580,1899
137,0,534,0,1267,1504,1581,1900
138,0,535,0,1268,1505,1582,1901
139,0,536,0,1269,1506,1583,1902
140,0,537,0,1270,1507,1584,1903
141,0,538,0,1271,1508,1585,1904
142,0,539,0,1272,1509,1586,1905
143,0,540,0,1273,1510,1587,1906
144,0,541,0,1274,1511,1588,1907
145,0,542,0,1275,1512,1589,1908
146,0,543,0,1276,1513,1590,1909
147,0,544,0,1277,1514,1591,1910
148,0,545,0,1278,1515,1592,1911
149,0,546,0,1279,1516,1593,1912
150,0,547,0,1280,1517,1594,1913
151,0,548,0,1025,1518,1595,1914
152,0,549,0,1026,1519,1596,1915
153,0,550,0,1027,1520,1597,1916
154,0,551,0,1028,1521,1598,1917
155,0,552,0,1029,1522,1599,1918
156,0,553,0,1030,1523,1600,1919
157,0,554,0,1031,1524,1601,1920
158,0,555,0,1032,1525,1602,1921
159,0,556,0,1033,1526,1603,1922
0,416,0,813,1251,1290,1783,1860
0,417,0,814,1252,1291,1784,1861
0,418,0,815,1253,1292,1785,1862
0,419,0,816,1254,1293,1786,1863
0,420,0,817,1255,1294,1787,1864
0,421,0,818,1256,1295,1788,1865
0,422,0,819,1257,1296,1789,1866
0,423,0,820,1258,1297,1790,1867
0,424,0,821,1259,1298,1791,1868
0,425,0,822,1260,1299,1792,1869
0,426,0,823,1261,1300,1537,1870
0,427,0,824,1262,1301,1538,1871
0,428,0,825,1263,1302,1539,1872
0,429,0,826,1264,1303,1540,1873
0,430,0,827,1265,1304,1541,1874
0,431,0,828,1266,1305,1542,1875
0,432,0,829,1267,1306,1543,1876
0,433,0,830,1268,1307,1544,1877
0,434,0,831,1269,1308,1545,1878
0,435,0,832,1270,1309,1546,1879
0,436,0,833,1271,1310,1547,1880
0,437,0,834,1272,1311,1548,1881
0,438,0,835,1273,1312,1549,1882
0,439,0,836,1274,1313,1550,1883
0,440,0,837,1275,1314,1551,1884
0,441,0,838,1276,1315,1552,1885
0,442,0,839,1277,1316,1553,1886
0,443,0,840,1278,1317,1554,1887
0,444,0,841,1279,1318,1555,1888
0,445,0,842,1280,1319,1556,1889
0,446,0,843,1025,1320,1557,1890
0,447,0,844,1026,1321,1558,1891
0,448,0,845,1027,1322,1559,1892
0,449,0,846,1028,1323,1560,1893
0,450,0,847,1029,1324,1561,1894
0,451,0,848,1030,1325,1562,1895
0,452,0,849,1031,1326,1563,1896
0,453,0,850,1032,1327,1564,1897
0,454,0,851,1033,1328,1565,1898
0,455,0,852,1034,1329,1566,1899
0,456,0,853,1035,1330,1567,1900
0,457,0,854,1036,1331,1568,1901
0,458,0,855,1037,1332,1569,1902
0,459,0,856,1038,1333,1570,1903
0,460,0,857,1039,1334,1571,1904
0,461,0,858,1040,1335,1572,1905
0,462,0,859,1041,1336,1573,1906
0,463,0,860,1042,1337,1574,1907
0,464,0,861,1043,1338,1575,1908
0,465,0,862,1044,1339,1576,1909
0,466,0,863,1045,1340,1577,1910
0,467,0,864,1046,1341,1578,1911
0,468,0,865,1047,1342,1579,1912
0,469,0,866,1048,1343,1580,1913
0,470,0,867,1049,1344,1581,1914
0,471,0,868,1050,1345,1582,1915
0,472,0,869,1051,1346,1583,1916
0,473,0,870,1052,1347,1584,1917
0,474,0,871,1053,1348,1585,1918
0,475,0,872,1054,1349,1586,1919
0,476,0,873,1055,1350,1587,1920
0,477,0,874,1056,1351,1588,1921
0,478,0,875,1057,1352,1589,1922
0,479,0,876,1058,1353,1590,1923
0,480,0,877,1059,1354,1591,1924
0,481,0,878,1060,1355,1592,1925
0,482,0,879,1061,1356,1593,1926
0,483,0,880,1062,1357,1594,1927
0,484,0,881,1063,1358,1595,1928
0,485,0,882,1064,1359,1596,1929
0,486,0,883,1065,1360,1597,1930
0,487,0,884,1066,1361,1598,1931
0,488,0,885,1067,1362,1599,1932
0,489,0,886,1068,1363,1600,1933
0,490,0,887,1069,1364,1601,1934
0,491,0,888,1070,1365,1602,1935
0,492,0,889,1071,1366,1603,1936
0,493,0,890,1072,1367,1604,1937
0,494,0,891,1073,1368,1605,1938
0,495,0,892,1074,1369,1606,1939
0,496,0,893,1075,1370,1607,1940
0,497,0,894,1076,1371,1608,1941
0,498,0,895,1077,1372,1609,1942
0,499,0,896,1078,1373,1610,1943
0,500,0,897,1079,1374,1611,1944
0,501,0,898,1080,1375,1612,1945
0,502,0,899,1081,1376,1613,1946
0,503,0,900,1082,1377,1614,1947
0,504,0,901,1083,1378,1615,1948
0,505,0,902,1084,1379,1616,1949
0,506,0,903,1085,1380,1617,1950
0,507,0,904,1086,1381,1618,1951
0,508,0,905,1087,1382,1619,1952
0,509,0,906,1088,1383,1620,1953
0,510,0,907,1089,1384,1621,1954
0,511,0,908,1090,1385,1622,1955
0,512,0,909,1091,1386,1623,1956
0,257,0,910,1092,1387,1624,1957
0,258,0,911,1093,1388,1625,1958
0,259,0,912,1094,1389,1626,1959
0,260,0,913,1095,1390,1627,1960
0,261,0,914,1096,1391,1628,1961
0,262,0,915,1097,1392,1629,1962
0,263,0,916,1098,1393,1630,1963
0,264,0,917,1099,1394,1631,1964
0,265,0,918,1100,1395,1632,1965
0,266,0,919,1101,1396,1633,1966
0,267,0,920,1102,1397,1634,1967
0,268,0,921,1103,1398,1635,1968
0,269,0,922,1104,1399,1636,1969
0,270,0,923,1105,1400,1637,1970
0,271,0,924,1106,1401,1638,1971
0,272,0,925,1107,1402,1639,1972
0,273,0,926,1108,1403,1640,1973
0,274,0,927,1109,1404,1641,1974
0,275,0,928,1110,1405,1642,1975
0,276,0,929,1111,1406,1643,1976
0,277,0,930,1112,1407,1644,1977
0,278,0,931,1113,1408,1645,1978
0,279,0,932,1114,1409,1646,1979
0,280,0,933,1115,1410,1647,1980
0,281,0,934,1116,1411,1648,1981
0,282,0,935,1117,1412,1649,1982
0,283,0,936,1118,1413,1650,1983
0,284,0,937,1119,1414,1651,1984
0,285,0,938,1120,1415,1652,1985
0,286,0,939,1121,1416,1653,1986
0,287,0,940,1122,1417,1654,1987
0,288,0,941,1123,1418,1655,1988
0,289,0,942,1124,1419,1656,1989
0,290,0,943,1125,1420,1657,1990
0,291,0,944,1126,1421,1658,1991
0,292,0,945,1127,1422,1659,1992
0,293,0,946,1128,1423,1660,1993
0,294,0,947,1129,1424,1661,1994
0,295,0,948,1130,1425,1662,1995
0,296,0,949,1131,1426,1663,1996
0,297,0,950,1132,1427,1664,1997
0,298,0,951,1133,1428,1665,1998
0,299,0,952,1134,1429,1666,1999
0,300,0,953,1135,1430,1667,2000
0,301,0,954,1136,1431,1668,2001
0,302,0,955,1137,1432,1669,2002
0,303,0,956,1138,1433,1670,2003
0,304,0,957,1139,1434,1671,2004
0,305,0,958,1140,1435,1672,2005
0,306,0,959,1141,1436,1673,2006
0,307,0,960,1142,1437,1674,2007
0,308,0,961,1143,1438,1675,2008
0,309,0,962,1144,1439,1676,2009
0,310,0,963,1145,1440,1677,2010
0,311,0,964,1146,1441,1678,2011
0,312,0,965,1147,1442,1679,2012
0,313,0,966,1148,1443,1680,2013
0,314,0,967,1149,1444,1681,2014
0,315,0,968,1150,1445,1682,2015
0,316,0,969,1151,1446,1683,2016
0,317,0,970,1152,1447,1684,2017
0,318,0,971,1153,1448,1685,2018
0,319,0,972,1154,1449,1686,2019
0,320,0,973,1155,1450,1687,2020
0,321,0,974,1156,1451,1688,2021
0,322,0,975,1157,1452,1689,2022
0,323,0,976,1158,1453,1690,2023
0,324,0,977,1159,1454,1691,2024
0,325,0,978,1160,1455,1692,2025
0,326,0,979,1161,1456,1693,2026
0,327,0,980,1162,1457,1694,2027
0,328,0,981,1163,1458,1695,2028
0,329,0,982,1164,1459,1696,2029
0,330,0,983,1165,1460,1697,2030
0,331,0,984,1166,1461,1698,2031
0,332,0,985,1167,1462,1699,2032
0,333,0,986,1168,1463,1700,2033
0,334,0,987,1169,1464,1701,2034
0,335,0,988,1170,1465,1702,2035
0,336,0,989,1171,1466,1703,2036
0,337,0,990,1172,1467,1704,2037
0,338,0,991,1173,1468,1705,2038
0,339,0,992,1174,1469,1706,2039
0,340,0,993,1175,1470,1707,2040
0,341,0,994,1176,1471,1708,2041
0,342,0,995,1177,1472,1709,2042
0,343,0,996,1178,1473,1710,2043
0,344,0,997,1179,1474,1711,2044
0,345,0,998,1180,1475,1712,2045
0,346,0,999,1181,1476,1713,2046
0,347,0,1000,1182,1477,1714,2047
0,348,0,1001,1183,1478,1715,2048
0,349,0,1002,1184,1479,1716,1793
0,350,0,1003,1185,1480,1717,1794
0,351,0,1004,1186,1481,1718,1795
0,352,0,1005,1187,1482,1719,1796
0,353,0,1006,1188,1483,1720,1797
0,354,0,1007,1189,1484,1721,1798
0,355,0,1008,1190,1485,1722,1799
0,356,0,1009,1191,1486,1723,1800
0,357,0,1010,1192,1487,1724,1801
0,358,0,1011,1193,1488,1725,1802
0,359,0,1012,1194,1489,1726,1803
0,360,0,1013,1195,1490,1727,1804
0,361,0,1014,1196,1491,1728,1805
0,362,0,1015,1197,1492,1729,1806
0,363,0,1016,1198,1493,1730,1807
0,364,0,1017,1199,1494,1731,1808
0,365,0,1018,1200,1495,1732,1809
0,366,0,1019,1201,1496,1733,1810
0,367,0,1020,1202,1497,1734,1811
0,368,0,1021,1203,1498,1735,1812
0,369,0,1022,1204,1499,1736,1813
0,370,0,1023,1205,1500,1737,1814
0,371,0,1024,1206,1501,1738,1815
0,372,0,769,1207,1502,1739,1816
0,373,0,770,1208,1503,1740,1817
0,374,0,771,1209,1504,1741,1818
0,375,0,772,1210,1505,1742,1819
0,376,0,773,1211,1506,1743,1820
0,377,0,774,1212,1507,1744,1821
0,378,0,775,1213,1508,1745,1822
0,379,0,776,1214,1509,1746,1823
0,380,0,777,1215,1510,1747,1824
0,381,0,778,1216,1511,1748,1825
0,382,0,779,1217,1512,1749,1826
0,383,0,780,1218,1513,1750,1827
0,384,0,781,1219,1514,1751,1828
0,385,0,782,1220,1515,1752,1829
0,386,0,783,1221,1516,1753,1830
0,387,0,784,1222,1517,1754,1831
0,388,0,785,1223,1518,1755,1832
0,389,0,786,1224,1519,1756,1833
0,390,0,787,1225,1520,1757,1834
0,391,0,788,1226,1521,1758,1835
0,392,0,789,1227,1522,1759,1836
0,393,0,790,1228,1523,1760,1837
0,394,0,791,1229,1524,1761,1838
0,395,0,792,1230,1525,1762,1839
0,396,0,793,1231,1526,1763,1840
0,397,0,794,1232,1527,1764,1841
0,398,0,795,1233,1528,1765,1842
0,399,0,796,1234,1529,1766,1843
0,400,0,797,1235,1530,1767,1844
0,401,0,798,1236,1531,1768,1845
0,402,0,799,1237,1532,1769,1846
0,403,0,800,1238,1533,1770,1847
0,404,0,801,1239,1534,1771,1848
0,405,0,802,1240,1535,1772,1849
0,406,0,803,1241,1536,1773,1850
0,407,0,804,1242,1281,1774,1851
0,408,0,805,1243,1282,1775,1852
0,409,0,806,1244,1283,1776,1853
0,410,0,807,1245,1284,1777,1854
0,411,0,808,1246,1285,1778,1855
0,412,0,809,1247,1286,1779,1856
0,413,0,810,1248,1287,1780,1857
0,414,0,811,1249,1288,1781,1858
0,415,0,812,1250,1289,1782,1859
210,315,672,931,1069,0,1546,0
211,316,673,932,1070,0,1547,0
212,317,674,933,1071,0,1548,0
213,318,675,934,1072,0,1549,0
214,319,676,935,1073,0,1550,0
215,320,677,936,1074,0,1551,0
216,321,678,937,1075,0,1552,0
217,322,679,938,1076,0,1553,0
218,323,680,939,1077,0,1554,0
219,324,681,940,1078,0,1555,0
220,325,682,941,1079,0,1556,0
221,326,683,942,1080,0,1557,0
222,327,684,943,1081,0,1558,0
223,328,685,944,1082,0,1559,0
224,329,686,945,1083,0,1560,0
225,330,687,946,1084,0,1561,0
226,331,688,947,1085,0,1562,0
227,332,689,948,1086,0,1563,0
228,333,690,949,1087,0,1564,0
229,334,691,950,1088,0,1565,0
230,335,692,951,1089,0,1566,0
231,336,693,952,1090,0,1567,0
232,337,694,953,1091,0,1568,0
233,338,695,954,1092,0,1569,0
234,339,696,955,1093,0,1570,0
235,340,697,956,1094,0,1571,0
236,341,698,957,1095,0,1572,0
237,342,699,958,1096,0,1573,0
238,343,700,959,1097,0,1574,0
239,344,701,960,1098,0,1575,0
240,345,702,961,1099,0,1576,0
241,346,703,962,1100,0,1577,0
242,347,704,963,1101,0,1578,0
243,348,705,964,1102,0,1579,0
244,349,706,965,1103,0,1580,0
245,350,707,966,1104,0,1581,0
246,351,708,967,1105,0,1582,0
247,352,709,968,1106,0,1583,0
248,353,710,969,1107,0,1584,0
249,354,711,970,1108,0,1585,0
250,355,712,971,1109,0,1586,0
251,356,713,972,1110,0,1587,0
252,357,714,973,1111,0,1588,0
253,358,715,974,1112,0,1589,0
254,359,716,975,1113,0,1590,0
255,360,717,976,1114,0,1591,0
256,361,718,977,1115,0,1592,0
1,362,719,978,1116,0,1593,0
2,363,720,979,1117,0,1594,0
3,364,721,980,1118,0,1595,0
4,365,722,981,1119,0,1596,0
5,366,723,982,1120,0,1597,0
6,367,724,983,1121,0,1598,0
7,368,725,984,1122,0,1599,0
8,369,726,985,1123,0,1600,0
9,370,727,986,1124,0,1601,0
10,371,728,987,1125,0,1602,0
11,372,729,988,1126,0,1603,0
12,373,730,989,1127,0,1604,0
13,374,731,990,1128,0,1605,0
14,375,732,991,1129,0,1606,0
15,376,733,992,1130,0,1607,0
16,377,734,993,1131,0,1608,0
17,378,735,994,1132,0,1609,0
18,379,736,995,1133,0,1610,0
19,380,737,996,1134,0,1611,0
20,381,738,997,1135,0,1612,0
21,382,739,998,1136,0,1613,0
22,383,740,999,1137,0,1614,0
23,384,741,1000,1138,0,1615,0
24,385,742,1001,1139,0,1616,0
25,386,743,1002,1140,0,1617,0
26,387,744,1003,1141,0,1618,0
27,388,745,1004,1142,0,1619,0
28,389,746,1005,1143,0,1620,0
29,390,747,1006,1144,0,1621,0
30,391,748,1007,1145,0,1622,0
31,392,749,1008,1146,0,1623,0
32,393,750,1009,1147,0,1624,0
33,394,751,1010,1148,0,1625,0
34,395,752,1011,1149,0,1626,0
35,396,753,1012,1150,0,1627,0
36,397,754,1013,1151,0,1628,0
37,398,755,1014,1152,0,1629,0
38,399,756,1015,1153,0,1630,0
39,400,757,1016,1154,0,1631,0
40,401,758,1017,1155,0,1632,0
41,402,759,1018,1156,0,1633,0
42,403,760,1019,1157,0,1634,0
43,404,761,1020,1158,0,1635,0
44,405,762,1021,1159,0,1636,0
45,406,763,1022,1160,0,1637,0
46,407,764,1023,1161,0,1638,0
47,408,765,1024,1162,0,1639,0
48,409,766,769,1163,0,1640,0
49,410,767,770,1164,0,1641,0
50,411,768,771,1165,0,1642,0
51,412,513,772,1166,0,1643,0
52,413,514,773,1167,0,1644,0
53,414,515,774,1168,0,1645,0
54,415,516,775,1169,0,1646,0
55,416,517,776,1170,0,1647,0
56,417,518,777,1171,0,1648,0
57,418,519,778,1172,0,1649,0
58,419,520,779,1173,0,1650,0
59,420,521,780,1174,0,1651,0
60,421,522,781,1175,0,1652,0
61,422,523,782,1176,0,1653,0
62,423,524,783,1177,0,1654,0
63,424,525,784,1178,0,1655,0
64,425,526,785,1179,0,1656,0
65,426,527,786,1180,0,1657,0
66,427,528,787,1181,0,1658,0
67,428,529,788,1182,0,1659,0
68,429,530,789,1183,0,1660,0
69,430,531,790,1184,0,1661,0
70,431,532,791,1185,0,1662,0
71,432,533,792,1186,0,1663,0
72,433,534,793,1187,0,1664,0
73,434,535,794,1188,0,1665,0
74,435,536,795,1189,0,1666,0
75,436,537,796,1190,0,1667,0
76,437,538,797,1191,0,1668,0
77,438,539,798,1192,0,1669,0
78,439,540,799,1193,0,1670,0
79,440,541,800,1194,0,1671,0
80,441,542,801,1195,0,1672,0
81,442,543,802,1196,0,1673,0
82,443,544,803,1197,0,1674,0
83,444,545,804,1198,0,1675,0
84,445,546,805,1199,0,1676,0
85,446,547,806,1200,0,1677,0
86,447,548,807,1201,0,1678,0
87,448,549,808,1202,0,1679,0
88,449,550,809,1203,0,1680,0
89,450,551,810,1204,0,1681,0
90,451,552,811,1205,0,1682,0
91,452,553,812,1206,0,1683,0
92,453,554,813,1207,0,1684,0
93,454,555,814,1208,0,1685,0
94,455,556,815,1209,0,1686,0
95,456,557,816,1210,0,1687,0
96,457,558,817,1211,0,1688,0
97,458,559,818,1212,0,1689,0
98,459,560,819,1213,0,1690,0
99,460,561,820,1214,0,1691,0
100,461,562,821,1215,0,1692,0
101,462,563,822,1216,0,1693,0
102,463,564,823,1217,0,1694,0
103,464,565,824,1218,0,1695,0
104,465,566,825,1219,0,1696,0
105,466,567,826,1220,0,1697,0
106,467,568,827,1221,0,1698,0
107,468,569,828,1222,0,1699,0
108,469,570,829,1223,0,1700,0
109,470,571,830,1224,0,1701,0
110,471,572,831,1225,0,1702,0
111,472,573,832,1226,0,1703,0
112,473,574,833,1227,0,1704,0
113,474,575,834,1228,0,1705,0
114,475,576,835,1229,0,1706,0
115,476,577,836,1230,0,1707,0
116,477,578,837,1231,0,1708,0
117,478,579,838,1232,0,1709,0
118,479,580,839,1233,0,1710,0
119,480,581,840,1234,0,1711,0
120,481,582,841,1235,0,1712,0
121,482,583,842,1236,0,1713,0
122,483,584,843,1237,0,1714,0
123,484,585,844,1238,0,1715,0
124,485,586,845,1239,0,1716,0
125,486,587,846,1240,0,1717,0
126,487,588,847,1241,0,1718,0
127,488,589,848,1242,0,1719,0
128,489,590,849,1243,0,1720,0
129,490,591,850,1244,0,1721,0
130,491,592,851,1245,0,1722,0
131,492,593,852,1246,0,1723,0
132,493,594,853,1247,0,1724,0
133,494,595,854,1248,0,1725,0
134,495,596,855,1249,0,1726,0
135,496,597,856,1250,0,1727,0
136,497,598,857,1251,0,1728,0
137,498,599,858,1252,0,1729,0
138,499,600,859,1253,0,1730,0
139,500,601,860,1254,0,1731,0
140,501,602,861,1255,0,1732,0
141,502,603,862,1256,0,1733,0
142,503,604,863,1257,0,1734,0
143,504,605,864,1258,0,1735,0
144,505,606,865,1259,0,1736,0
145,506,607,866,1260,0,1737,0
146,507,608,867,1261,0,1738,0
147,508,609,868,1262,0,1739,0
148,509,610,869,1263,0,1740,0
149,510,611,870,1264,0,1741,0
150,511,612,871,1265,0,1742,0
151,512,613,872,1266,0,1743,0
152,257,614,873,1267,0,1744,0
153,258,615,874,1268,0,1745,0
154,259,616,875,1269,0,1746,0
155,260,617,876,1270,0,1747,0
156,261,618,877,1271,0,1748,0
157,262,619,878,1272,0,1749,0
158,263,620,879,1273,0,1750,0
159,264,621,880,1274,0,1751,0
160,265,622,881,1275,0,1752,0
161,266,623,882,1276,0,1753,0
162,267,624,883,1277,0,1754,0
163,268,625,884,1278,0,1755,0
164,269,626,885,1279,0,1756,0
165,270,627,886,1280,0,1757,0
166,271,628,887,1025,0,1758,0
167,272,629,888,1026,0,1759,0
168,273,630,889,1027,0,1760,0
169,274,631,890,1028,0,1761,0
170,275,632,891,1029,0,1762,0
171,276,633,892,1030,0,1763,0
172,277,634,893,1031,0,1764,0
173,278,635,894,1032,0,1765,0
174,279,636,895,1033,0,1766,0
175,280,637,896,1034,0,1767,0
176,281,638,897,1035,0,1768,0
177,282,639,898,1036,0,1769,0
178,283,640,899,1037,0,1770,0
179,284,641,900,1038,0,1771,0
180,285,642,901,1039,0,1772,0
181,286,643,902,1040,0,1773,0
182,287,644,903,1041,0,1774,0
183,288,645,904,1042,0,1775,0
184,289,646,905,1043,0,1776,0
185,290,647,906,1044,0,1777,0
186,291,648,907,1045,0,1778,0
187,292,649,908,1046,0,1779,0
188,293,650,909,1047,0,1780,0
189,294,651,910,1048,0,1781,0
190,295,652,911,1049,0,1782,0
191,296,653,912,1050,0,1783,0
192,297,654,913,1051,0,1784,0
193,298,655,914,1052,0,1785,0
194,299,656,915,1053,0,1786,0
195,300,657,916,1054,0,1787,0
196,301,658,917,1055,0,1788,0
197,302,659,918,1056,0,1789,0
198,303,660,919,1057,0,1790,0
199,304,661,920,1058,0,1791,0
200,305,662,921,1059,0,1792,0
201,306,663,922,1060,0,1537,0
202,307,664,923,1061,0,1538,0
203,308,665,924,1062,0,1539,0
204,309,666,925,1063,0,1540,0
205,310,667,926,1064,0,1541,0
206,311,668,927,1065,0,1542,0
207,312,669,928,1066,0,1543,0
208,313,670,929,1067,0,1544,0
209,314,671,930,1068,0,1545,0
80,466,571,928,0,1325,0,1802
81,467,572,929,0,1326,0,1803
82,468,573,930,0,1327,0,1804
83,469,574,931,0,1328,0,1805
84,470,575,932,0,1329,0,1806
85,471,576,933,0,1330,0,1807
86,472,577,934,0,1331,0,1808
87,473,578,935,0,1332,0,1809
88,474,579,936,0,1333,0,1810
89,475,580,937,0,1334,0,1811
90,476,581,938,0,1335,0,1812
91,477,582,939,0,1336,0,1813
92,478,583,940,0,1337,0,1814
93,479,584,941,0,1338,0,1815
94,480,585,942,0,1339,0,1816
95,481,586,943,0,1340,0,1817
96,482,587,944,0,1341,0,1818
97,483,588,945,0,1342,0,1819
98,484,589,946,0,1343,0,1820
99,485,590,947,0,1344,0,1821
100,486,591,948,0,1345,0,1822
101,487,592,949,0,1346,0,1823
102,488,593,950,0,1347,0,1824
103,489,594,951,0,1348,0,1825
104,490,595,952,0,1349,0,1826
105,491,596,953,0,1350,0,1827
106,492,597,954,0,1351,0,1828
107,493,598,955,0,1352,0,1829
108,494,599,956,0,1353,0,1830
109,495,600,957,0,1354,0,1831
110,496,601,958,0,1355,0,1832
111,497,602,959,0,1356,0,1833
112,498,603,960,0,1357,0,1834
113,499,604,961,0,1358,0,1835
114,500,605,962,0,1359,0,1836
115,501,606,963,0,1360,0,1837
116,502,607,964,0,1361,0,1838
117,503,608,965,0,1362,0,1839
118,504,609,966,0,1363,0,1840
119,505,610,967,0,1364,0,1841
120,506,611,968,0,1365,0,1842
121,507,612,969,0,1366,0,1843
122,508,613,970,0,1367,0,1844
123,509,614,971,0,1368,0,1845
124,510,615,972,0,1369,0,1846
125,511,616,973,0,1370,0,1847
126,512,617,974,0,1371,0,1848
127,257,618,975,0,1372,0,1849
128,258,619,976,0,1373,0,1850
129,259,620,977,0,1374,0,1851
130,260,621,978,0,1375,0,1852
131,261,622,979,0,1376,0,1853
132,262,623,980,0,1377,0,1854
133,263,624,981,0,1378,0,1855
134,264,625,982,0,1379,0,1856
135,265,626,983,0,1380,0,1857
136,266,627,984,0,1381,0,1858
137,267,628,985,0,1382,0,1859
138,268,629,986,0,1383,0,1860
139,269,630,987,0,1384,0,1861
140,270,631,988,0,1385,0,1862
141,271,632,989,0,1386,0,1863
142,272,633,990,0,1387,0,1864
143,273,634,991,0,1388,0,1865
144,274,635,992,0,1389,0,1866
145,275,636,993,0,1390,0,1867
146,276,637,994,0,1391,0,1868
147,277,638,995,0,1392,0,1869
148,278,639,996,0,1393,0,1870
149,279,640,997,0,1394,0,1871
150,280,641,998,0,1395,0,1872
151,281,642,999,0,1396,0,1873
152,282,643,1000,0,1397,0,1874
153,283,644,1001,0,1398,0,1875
154,284,645,1002,0,1399,0,1876
155,285,646,1003,0,1400,0,1877
156,286,647,1004,0,1401,0,1878
157,287,648,1005,0,1402,0,1879
158,288,649,1006,0,1403,0,1880
159,289,650,1007,0,1404,0,1881
160,290,651,1008,0,1405,0,1882
161,291,652,1009,0,1406,0,1883
162,292,653,1010,0,1407,0,1884
163,293,654,1011,0,1408,0,1885
164,294,655,1012,0,1409,0,1886
165,295,656,1013,0,1410,0,1887
166,296,657,1014,0,1411,0,1888
167,297,658,1015,0,1412,0,1889
168,298,659,1016,0,1413,0,1890
169,299,660,1017,0,1414,0,1891
170,300,661,1018,0,1415,0,1892
171,301,662,1019,0,1416,0,1893
172,302,663,1020,0,1417,0,1894
173,303,664,1021,0,1418,0,1895
174,304,665,1022,0,1419,0,1896
175,305,666,1023,0,1420,0,1897
176,306,667,1024,0,1421,0,1898
177,307,668,769,0,1422,0,1899
178,308,669,770,0,1423,0,1900
179,309,670,771,0,1424,0,1901
180,310,671,772,0,1425,0,1902
181,311,672,773,0,1426,0,1903
182,312,673,774,0,1427,0,1904
183,313,674,775,0,1428,0,1905
184,314,675,776,0,1429,0,1906
185,315,676,777,0,1430,0,1907
186,316,677,778,0,1431,0,1908
187,317,678,779,0,1432,0,1909
188,318,679,780,0,1433,0,1910
189,319,680,781,0,1434,0,1911
190,320,681,782,0,1435,0,1912
191,321,682,783,0,1436,0,1913
192,322,683,784,0,1437,0,1914
193,323,684,785,0,1438,0,1915
194,324,685,786,0,1439,0,1916
195,325,686,787,0,1440,0,1917
196,326,687,788,0,1441,0,1918
197,327,688,789,0,1442,0,1919
198,328,689,790,0,1443,0,1920
199,329,690,791,0,1444,0,1921
200,330,691,792,0,1445,0,1922
201,331,692,793,0,1446,0,1923
202,332,693,794,0,1447,0,1924
203,333,694,795,0,1448,0,1925
204,334,695,796,0,1449,0,1926
205,335,696,797,0,1450,0,1927
206,336,697,798,0,1451,0,1928
207,337,698,799,0,1452,0,1929
208,338,699,800,0,1453,0,1930
209,339,700,801,0,1454,0,1931
210,340,701,802,0,1455,0,1932
211,341,702,803,0,1456,0,1933
212,342,703,804,0,1457,0,1934
213,343,704,805,0,1458,0,1935
214,344,705,806,0,1459,0,1936
215,345,706,807,0,1460,0,1937
216,346,707,808,0,1461,0,1938
217,347,708,809,0,1462,0,1939
218,348,709,810,0,1463,0,1940
219,349,710,811,0,1464,0,1941
220,350,711,812,0,1465,0,1942
221,351,712,813,0,1466,0,1943
222,352,713,814,0,1467,0,1944
223,353,714,815,0,1468,0,1945
224,354,715,816,0,1469,0,1946
225,355,716,817,0,1470,0,1947
226,356,717,818,0,1471,0,1948
227,357,718,819,0,1472,0,1949
228,358,719,820,0,1473,0,1950
229,359,720,821,0,1474,0,1951
230,360,721,822,0,1475,0,1952
231,361,722,823,0,1476,0,1953
232,362,723,824,0,1477,0,1954
233,363,724,825,0,1478,0,1955
234,364,725,826,0,1479,0,1956
235,365,726,827,0,1480,0,1957
236,366,727,828,0,1481,0,1958
237,367,728,829,0,1482,0,1959
238,368,729,830,0,1483,0,1960
239,369,730,831,0,1484,0,1961
240,370,731,832,0,1485,0,1962
241,371,732,833,0,1486,0,1963
242,372,733,834,0,1487,0,1964
243,373,734,835,0,1488,0,1965
244,374,735,836,0,1489,0,1966
245,375,736,837,0,1490,0,1967
246,376,737,838,0,1491,0,1968
247,377,738,839,0,1492,0,1969
248,378,739,840,0,1493,0,1970
249,379,740,841,0,1494,0,1971
250,380,741,842,0,1495,0,1972
251,381,742,843,0,1496,0,1973
252,382,743,844,0,1497,0,1974
253,383,744,845,0,1498,0,1975
254,384,745,846,0,1499,0,1976
255,385,746,847,0,1500,0,1977
256,386,747,848,0,1501,0,1978
1,387,748,849,0,1502,0,1979
2,388,749,850,0,1503,0,1980
3,389,750,851,0,1504,0,1981
4,390,751,852,0,1505,0,1982
5,391,752,853,0,1506,0,1983
6,392,753,854,0,1507,0,1984
7,393,754,855,0,1508,0,1985
8,394,755,856,0,1509,0,1986
9,395,756,857,0,1510,0,1987
10,396,757,858,0,1511,0,1988
11,397,758,859,0,1512,0,1989
12,398,759,860,0,1513,0,1990
13,399,760,861,0,1514,0,1991
14,400,761,862,0,1515,0,1992
15,401,762,863,0,1516,0,1993
16,402,763,864,0,1517,0,1994
17,403,764,865,0,1518,0,1995
18,404,765,866,0,1519,0,1996
19,405,766,867,0,1520,0,1997
20,406,767,868,0,1521,0,1998
21,407,768,869,0,1522,0,1999
22,408,513,870,0,1523,0,2000
23,409,514,871,0,1524,0,2001
24,410,515,872,0,1525,0,2002
25,411,516,873,0,1526,0,2003
26,412,517,874,0,1527,0,2004
27,413,518,875,0,1528,0,2005
28,414,519,876,0,1529,0,2006
29,415,520,877,0,1530,0,2007
30,416,521,878,0,1531,0,2008
31,417,522,879,0,1532,0,2009
32,418,523,880,0,1533,0,2010
33,419,524,881,0,1534,0,2011
34,420,525,882,0,1535,0,2012
35,421,526,883,0,1536,0,2013
36,422,527,884,0,1281,0,2014
37,423,528,885,0,1282,0,2015
38,424,529,886,0,1283,0,2016
39,425,530,887,0,1284,0,2017
40,426,531,888,0,1285,0,2018
41,427,532,889,0,1286,0,2019
42,428,533,890,0,1287,0,2020
43,429,534,891,0,1288,0,2021
44,430,535,892,0,1289,0,2022
45,431,536,893,0,1290,0,2023
46,432,537,894,0,1291,0,2024
47,433,538,895,0,1292,0,2025
48,434,539,896,0,1293,0,2026
49,435,540,897,0,1294,0,2027
50,436,541,898,0,1295,0,2028
51,437,542,899,0,1296,0,2029
52,438,543,900,0,1297,0,2030
53,439,544,901,0,1298,0,2031
54,440,545,902,0,1299,0,2032
55,441,546,903,0,1300,0,2033
56,442,547,904,0,1301,0,2034
57,443,548,905,0,1302,0,2035
58,444,549,906,0,1303,0,2036
59,445,550,907,0,1304,0,2037
60,446,551,908,0,1305,0,2038
61,447,552,909,0,1306,0,2039
62,448,553,910,0,1307,0,2040
63,449,554,911,0,1308,0,2041
64,450,555,912,0,1309,0,2042
65,451,556,913,0,1310,0,2043
66,452,557,914,0,1311,0,2044
67,453,558,915,0,1312,0,2045
68,454,559,916,0,1313,0,2046
69,455,560,917,0,1314,0,2047
70,456,561,918,0,1315,0,2048
71,457,562,919,0,1316,0,1793
72,458,563,920,0,1317,0,1794
73,459,564,921,0,1318,0,1795
74,460,565,922,0,1319,0,1796
75,461,566,923,0,1320,0,1797
76,462,567,924,0,1321,0,1798
77,463,568,925,0,1322,0,1799
78,464,569,926,0,1323,0,1800
79,465,570,927,0,1324,0,1801
