80,466,571,928,1187,1325,1763,1802,2295,2372,2691,3055
81,467,572,929,1188,1326,1764,1803,2296,2373,2692,3056
82,468,573,930,1189,1327,1765,1804,2297,2374,2693,3057
83,469,574,931,1190,1328,1766,1805,2298,2375,2694,3058
84,470,575,932,1191,1329,1767,1806,2299,2376,2695,3059
85,471,576,933,1192,1330,1768,1807,2300,2377,2696,3060
86,472,577,934,1193,1331,1769,1808,2301,2378,2697,3061
87,473,578,935,1194,1332,1770,1809,2302,2379,2698,3062
88,474,579,936,1195,1333,1771,1810,2303,2380,2699,3063
89,475,580,937,1196,1334,1772,1811,2304,2381,2700,3064
90,476,581,938,1197,1335,1773,1812,2049,2382,2701,3065
91,477,582,939,1198,1336,1774,1813,2050,2383,2702,3066
92,478,583,940,1199,1337,1775,1814,2051,2384,2703,3067
93,479,584,941,1200,1338,1776,1815,2052,2385,2704,3068
94,480,585,942,1201,1339,1777,1816,2053,2386,2705,3069
95,481,586,943,1202,1340,1778,1817,2054,2387,2706,3070
96,482,587,944,1203,1341,1779,1818,2055,2388,2707,3071
97,483,588,945,1204,1342,1780,1819,2056,2389,2708,3072
98,484,589,946,1205,1343,1781,1820,2057,2390,2709,2817
99,485,590,947,1206,1344,1782,1821,2058,2391,2710,2818
100,486,591,948,1207,1345,1783,1822,2059,2392,2711,2819
101,487,592,949,1208,1346,1784,1823,2060,2393,2712,2820
102,488,593,950,1209,1347,1785,1824,2061,2394,2713,2821
103,489,594,951,1210,1348,1786,1825,2062,2395,2714,2822
104,490,595,952,1211,1349,1787,1826,2063,2396,2715,2823
105,491,596,953,1212,1350,1788,1827,2064,2397,2716,2824
106,492,597,954,1213,1351,1789,1828,2065,2398,2717,2825
107,493,598,955,1214,1352,1790,1829,2066,2399,2718,2826
108,494,599,956,1215,1353,1791,1830,2067,2400,2719,2827
109,495,600,957,1216,1354,1792,1831,2068,2401,2720,2828
110,496,601,958,1217,1355,1537,1832,2069,2402,2721,2829
111,497,602,959,1218,1356,1538,1833,2070,2403,2722,2830
112,498,603,960,1219,1357,1539,1834,2071,2404,2723,2831
113,499,604,961,1220,1358,1540,1835,2072,2405,2724,2832
114,500,605,962,1221,1359,1541,1836,2073,2406,2725,2833
115,501,606,963,1222,1360,1542,1837,2074,2407,2726,2834
116,502,607,964,1223,1361,1543,1838,2075,2408,2727,2835
117,503,608,965,1224,1362,1544,1839,2076,2409,2728,2836
118,504,609,966,1225,1363,1545,1840,2077,2410,2729,2837
119,505,610,967,1226,1364,1546,1841,2078,2411,2730,2838
120,506,611,968,1227,1365,1547,1842,2079,2412,2731,2839
121,507,612,969,1228,1366,1548,1843,2080,2413,2732,2840
122,508,613,970,1229,1367,1549,1844,2081,2414,2733,2841
123,509,614,971,1230,1368,1550,1845,2082,2415,2734,2842
124,510,615,972,1231,1369,1551,1846,2083,2416,2735,2843
125,511,616,973,1232,1370,1552,1847,2084,2417,2736,2844
126,512,617,974,1233,1371,1553,1848,2085,2418,2737,2845
127,257,618,975,1234,1372,1554,1849,2086,2419,2738,2846
128,258,619,976,1235,1373,1555,1850,2087,2420,2739,2847
129,259,620,977,1236,1374,1556,1851,2088,2421,2740,2848
130,260,621,978,1237,1375,1557,1852,2089,2422,2741,2849
131,261,622,979,1238,1376,1558,1853,2090,2423,2742,2850
132,262,623,980,1239,1377,1559,1854,2091,2424,2743,2851
133,263,624,981,1240,1378,1560,1855,2092,2425,2744,2852
134,264,625,982,1241,1379,1561,1856,2093,2426,2745,2853
135,265,626,983,1242,1380,1562,1857,2094,2427,2746,2854
136,266,627,984,1243,1381,1563,1858,2095,2428,2747,2855
137,267,628,985,1244,1382,1564,1859,2096,2429,2748,2856
138,268,629,986,1245,1383,1565,1860,2097,2430,2749,2857
139,269,630,987,1246,1384,1566,1861,2098,2431,2750,2858
140,270,631,988,1247,1385,1567,1862,2099,2432,2751,2859
141,271,632,989,1248,1386,1568,1863,2100,2433,2752,2860
142,272,633,990,1249,1387,1569,1864,2101,2434,2753,2861
143,273,634,991,1250,1388,1570,1865,2102,2435,2754,2862
144,274,635,992,1251,1389,1571,1866,2103,2436,2755,2863
145,275,636,993,1252,1390,1572,1867,2104,2437,2756,2864
146,276,637,994,1253,1391,1573,1868,2105,2438,2757,2865
147,277,638,995,1254,1392,1574,1869,2106,2439,2758,2866
148,278,639,996,1255,1393,1575,1870,2107,2440,2759,2867
149,279,640,997,1256,1394,1576,1871,2108,2441,2760,2868
150,280,641,998,1257,1395,1577,1872,2109,2442,2761,2869
151,281,642,999,1258,1396,1578,1873,2110,2443,2762,2870
152,282,643,1000,1259,1397,1579,1874,2111,2444,2763,2871
153,283,644,1001,1260,1398,1580,1875,2112,2445,2764,2872
154,284,645,1002,1261,1399,1581,1876,2113,2446,2765,2873
155,285,646,1003,1262,1400,1582,1877,2114,2447,2766,2874
156,286,647,1004,1263,1401,1583,1878,2115,2448,2767,2875
157,287,648,1005,1264,1402,1584,1879,2116,2449,2768,2876
158,288,649,1006,1265,1403,1585,1880,2117,2450,2769,2877
159,289,650,1007,1266,1404,1586,1881,2118,2451,2770,2878
160,290,651,1008,1267,1405,1587,1882,2119,2452,2771,2879
161,291,652,1009,1268,1406,1588,1883,2120,2453,2772,2880
162,292,653,1010,1269,1407,1589,1884,2121,2454,2773,2881
163,293,654,1011,1270,1408,1590,1885,2122,2455,2774,2882
164,294,655,1012,1271,1409,1591,1886,2123,2456,2775,2883
165,295,656,1013,1272,1410,1592,1887,2124,2457,2776,2884
166,296,657,1014,1273,1411,1593,1888,2125,2458,2777,2885
167,297,658,1015,1274,1412,1594,1889,2126,2459,2778,2886
168,298,659,1016,1275,1413,1595,1890,2127,2460,2779,2887
169,299,660,1017,1276,1414,1596,1891,2128,2461,2780,2888
170,300,661,1018,1277,1415,1597,1892,2129,2462,2781,2889
171,301,662,1019,1278,1416,1598,1893,2130,2463,2782,2890
172,302,663,1020,1279,1417,1599,1894,2131,2464,2783,2891
173,303,664,1021,1280,1418,1600,1895,2132,2465,2784,2892
174,304,665,1022,1025,1419,1601,1896,2133,2466,2785,2893
175,305,666,1023,1026,1420,1602,1897,2134,2467,2786,2894
176,306,667,1024,1027,1421,1603,1898,2135,2468,2787,2895
177,307,668,769,1028,1422,1604,1899,2136,2469,2788,2896
178,308,669,770,1029,1423,1605,1900,2137,2470,2789,2897
179,309,670,771,1030,1424,1606,1901,2138,2471,2790,2898
180,310,671,772,1031,1425,1607,1902,2139,2472,2791,2899
181,311,672,773,1032,1426,1608,1903,2140,2473,2792,2900
182,312,673,774,1033,1427,1609,1904,2141,2474,2793,2901
183,313,674,775,1034,1428,1610,1905,2142,2475,2794,2902
184,314,675,776,1035,1429,1611,1906,2143,2476,2795,2903
185,315,676,777,1036,1430,1612,1907,2144,2477,2796,2904
186,316,677,778,1037,1431,1613,1908,2145,2478,2797,2905
187,317,678,779,1038,1432,1614,1909,2146,2479,2798,2906
188,318,679,780,1039,1433,1615,1910,2147,2480,2799,2907
189,319,680,781,1040,1434,1616,1911,2148,2481,2800,2908
190,320,681,782,1041,1435,1617,1912,2149,2482,2801,2909
191,321,682,783,1042,1436,1618,1913,2150,2483,2802,2910
192,322,683,784,1043,1437,1619,1914,2151,2484,2803,2911
193,323,684,785,1044,1438,1620,1915,2152,2485,2804,2912
194,324,685,786,1045,1439,1621,1916,2153,2486,2805,2913
195,325,686,787,1046,1440,1622,1917,2154,2487,2806,2914
196,326,687,788,1047,1441,1623,1918,2155,2488,2807,2915
197,327,688,789,1048,1442,1624,1919,2156,2489,2808,2916
198,328,689,790,1049,1443,1625,1920,2157,2490,2809,2917
199,329,690,791,1050,1444,1626,1921,2158,2491,2810,2918
200,330,691,792,1051,1445,1627,1922,2159,2492,2811,2919
201,331,692,793,1052,1446,1628,1923,2160,2493,2812,2920
202,332,693,794,1053,1447,1629,1924,2161,2494,2813,2921
203,333,694,795,1054,1448,1630,1925,2162,2495,2814,2922
204,334,695,796,1055,1449,1631,1926,2163,2496,2815,2923
205,335,696,797,1056,1450,1632,1927,2164,2497,2816,2924
206,336,697,798,1057,1451,1633,1928,2165,2498,2561,2925
207,337,698,799,1058,1452,1634,1929,2166,2499,2562,2926
208,338,699,800,1059,1453,1635,1930,2167,2500,2563,2927
209,339,700,801,1060,1454,1636,1931,2168,2501,2564,2928
210,340,701,802,1061,1455,1637,1932,2169,2502,2565,2929
211,341,702,803,1062,1456,1638,1933,2170,2503,2566,2930
212,342,703,804,1063,1457,1639,1934,2171,2504,2567,2931
213,343,704,805,1064,1458,1640,1935,2172,2505,2568,2932
214,344,705,806,1065,1459,1641,1936,2173,2506,2569,2933
215,345,706,807,1066,1460,1642,1937,2174,2507,2570,2934
216,346,707,808,1067,1461,1643,1938,2175,2508,2571,2935
217,347,708,809,1068,1462,1644,1939,2176,2509,2572,2936
218,348,709,810,1069,1463,1645,1940,2177,2510,2573,2937
219,349,710,811,1070,1464,1646,1941,2178,2511,2574,2938
220,350,711,812,1071,1465,1647,1942,2179,2512,2575,2939
221,351,712,813,1072,1466,1648,1943,2180,2513,2576,2940
222,352,713,814,1073,1467,1649,1944,2181,2514,2577,2941
223,353,714,815,1074,1468,1650,1945,2182,2515,2578,2942
224,354,715,816,1075,1469,1651,1946,2183,2516,2579,2943
225,355,716,817,1076,1470,1652,1947,2184,2517,2580,2944
226,356,717,818,1077,1471,1653,1948,2185,2518,2581,2945
227,357,718,819,1078,1472,1654,1949,2186,2519,2582,2946
228,358,719,820,1079,1473,1655,1950,2187,2520,2583,2947
229,359,720,821,1080,1474,1656,1951,2188,2521,2584,2948
230,360,721,822,1081,1475,1657,1952,2189,2522,2585,2949
231,361,722,823,1082,1476,1658,1953,2190,2523,2586,2950
232,362,723,824,1083,1477,1659,1954,2191,2524,2587,2951
233,363,724,825,1084,1478,1660,1955,2192,2525,2588,2952
234,364,725,826,1085,1479,1661,1956,2193,2526,2589,2953
235,365,726,827,1086,1480,1662,1957,2194,2527,2590,2954
236,366,727,828,1087,1481,1663,1958,2195,2528,2591,2955
237,367,728,829,1088,1482,1664,1959,2196,2529,2592,2956
238,368,729,830,1089,1483,1665,1960,2197,2530,2593,2957
239,369,730,831,1090,1484,1666,1961,2198,2531,2594,2958
240,370,731,832,1091,1485,1667,1962,2199,2532,2595,2959
241,371,732,833,1092,1486,1668,1963,2200,2533,2596,2960
242,372,733,834,1093,1487,1669,1964,2201,2534,2597,2961
243,373,734,835,1094,1488,1670,1965,2202,2535,2598,2962
244,374,735,836,1095,1489,1671,1966,2203,2536,2599,2963
245,375,736,837,1096,1490,1672,1967,2204,2537,2600,2964
246,376,737,838,1097,1491,1673,1968,2205,2538,2601,2965
247,377,738,839,1098,1492,1674,1969,2206,2539,2602,2966
248,378,739,840,1099,1493,1675,1970,2207,2540,2603,2967
249,379,740,841,1100,1494,1676,1971,2208,2541,2604,2968
250,380,741,842,1101,1495,1677,1972,2209,2542,2605,2969
251,381,742,843,1102,1496,1678,1973,2210,2543,2606,2970
252,382,743,844,1103,1497,1679,1974,2211,2544,2607,2971
253,383,744,845,1104,1498,1680,1975,2212,2545,2608,2972
254,384,745,846,1105,1499,1681,1976,2213,2546,2609,2973
255,385,746,847,1106,1500,1682,1977,2214,2547,2610,2974
256,386,747,848,1107,1501,1683,1978,2215,2548,2611,2975
1,387,748,849,1108,1502,1684,1979,2216,2549,2612,2976
2,388,749,850,1109,1503,1685,1980,2217,2550,2613,2977
3,389,750,851,1110,1504,1686,1981,2218,2551,2614,2978
4,390,751,852,1111,1505,1687,1982,2219,2552,2615,2979
5,391,752,853,1112,1506,1688,1983,2220,2553,2616,2980
6,392,753,854,1113,1507,1689,1984,2221,2554,2617,2981
7,393,754,855,1114,1508,1690,1985,2222,2555,2618,2982
8,394,755,856,1115,1509,1691,1986,2223,2556,2619,2983
9,395,756,857,1116,1510,1692,1987,2224,2557,2620,2984
10,396,757,858,1117,1511,1693,1988,2225,2558,2621,2985
11,397,758,859,1118,1512,1694,1989,2226,2559,2622,2986
12,398,759,860,1119,1513,1695,1990,2227,2560,2623,2987
13,399,760,861,1120,1514,1696,1991,2228,2305,2624,2988
14,400,761,862,1121,1515,1697,1992,2229,2306,2625,2989
15,401,762,863,1122,1516,1698,1993,2230,2307,2626,2990
16,402,763,864,1123,1517,1699,1994,2231,2308,2627,2991
17,403,764,865,1124,1518,1700,1995,2232,2309,2628,2992
18,404,765,866,1125,1519,1701,1996,2233,2310,2629,2993
19,405,766,867,1126,1520,1702,1997,2234,2311,2630,2994
20,406,767,868,1127,1521,1703,1998,2235,2312,2631,2995
21,407,768,869,1128,1522,1704,1999,2236,2313,2632,2996
22,408,513,870,1129,1523,1705,2000,2237,2314,2633,2997
23,409,514,871,1130,1524,1706,2001,2238,2315,2634,2998
24,410,515,872,1131,1525,1707,2002,2239,2316,2635,2999
25,411,516,873,1132,1526,1708,2003,2240,2317,2636,3000
26,412,517,874,1133,1527,1709,2004,2241,2318,2637,3001
27,413,518,875,1134,1528,1710,2005,2242,2319,2638,3002
28,414,519,876,1135,1529,1711,2006,2243,2320,2639,3003
29,415,520,877,1136,1530,1712,2007,2244,2321,2640,3004
30,416,521,878,1137,1531,1713,2008,2245,2322,2641,3005
31,417,522,879,1138,1532,1714,2009,2246,2323,2642,3006
32,418,523,880,1139,1533,1715,2010,2247,2324,2643,3007
33,419,524,881,1140,1534,1716,2011,2248,2325,2644,3008
34,420,525,882,1141,1535,1717,2012,2249,2326,2645,3009
35,421,526,883,1142,1536,1718,2013,2250,2327,2646,3010
36,422,527,884,1143,1281,1719,2014,2251,2328,2647,3011
37,423,528,885,1144,1282,1720,2015,2252,2329,2648,3012
38,424,529,886,1145,1283,1721,2016,2253,2330,2649,3013
39,425,530,887,1146,1284,1722,2017,2254,2331,2650,3014
40,426,531,888,1147,1285,1723,2018,2255,2332,2651,3015
41,427,532,889,1148,1286,1724,2019,2256,2333,2652,3016
42,428,533,890,1149,1287,1725,2020,2257,2334,2653,3017
43,429,534,891,1150,1288,1726,2021,2258,2335,2654,3018
44,430,535,892,1151,1289,1727,2022,2259,2336,2655,3019
45,431,536,893,1152,1290,1728,2023,2260,2337,2656,3020
46,432,537,894,1153,1291,1729,2024,2261,2338,2657,3021
47,433,538,895,1154,1292,1730,2025,2262,2339,2658,3022
48,434,539,896,1155,1293,1731,2026,2263,2340,2659,3023
49,435,540,897,1156,1294,1732,2027,2264,2341,2660,3024
50,436,541,898,1157,1295,1733,2028,2265,2342,2661,3025
51,437,542,899,1158,1296,1734,2029,2266,2343,2662,3026
52,438,543,900,1159,1297,1735,2030,2267,2344,2663,3027
53,439,544,901,1160,1298,1736,2031,2268,2345,2664,3028
54,440,545,902,1161,1299,1737,2032,2269,2346,2665,3029
55,441,546,903,1162,1300,1738,2033,2270,2347,2666,3030
56,442,547,904,1163,1301,1739,2034,2271,2348,2667,3031
57,443,548,905,1164,1302,1740,2035,2272,2349,2668,3032
58,444,549,906,1165,1303,1741,2036,2273,2350,2669,3033
59,445,550,907,1166,1304,1742,2037,2274,2351,2670,3034
60,446,551,908,1167,1305,1743,2038,2275,2352,2671,3035
61,447,552,909,1168,1306,1744,2039,2276,2353,2672,3036
62,448,553,910,1169,1307,1745,2040,2277,2354,2673,3037
63,449,554,911,1170,1308,1746,2041,2278,2355,2674,3038
64,450,555,912,1171,1309,1747,2042,2279,2356,2675,3039
65,451,556,913,1172,1310,1748,2043,2280,2357,2676,3040
66,452,557,914,1173,1311,1749,2044,2281,2358,2677,3041
67,453,558,915,1174,1312,1750,2045,2282,2359,2678,3042
68,454,559,916,1175,1313,1751,2046,2283,2360,2679,3043
69,455,560,917,1176,1314,1752,2047,2284,2361,2680,3044
70,456,561,918,1177,1315,1753,2048,2285,2362,2681,3045
71,457,562,919,1178,1316,1754,1793,2286,2363,2682,3046
72,458,563,920,1179,1317,1755,1794,2287,2364,2683,3047
73,459,564,921,1180,1318,1756,1795,2288,2365,2684,3048
74,460,565,922,1181,1319,1757,1796,2289,2366,2685,3049
75,461,566,923,1182,1320,1758,1797,2290,2367,2686,3050
76,462,567,924,1183,1321,1759,1798,2291,2368,2687,3051
77,463,568,925,1184,1322,1760,1799,2292,2369,2688,3052
78,464,569,926,1185,1323,1761,1800,2293,2370,2689,3053
79,465,570,927,1186,1324,1762,1801,2294,2371,2690,3054
185,336,722,827,1184,1443,1581,2019,2058,2551,2628,2947
186,337,723,828,1185,1444,1582,2020,2059,2552,2629,2948
187,338,724,829,1186,1445,1583,2021,2060,2553,2630,2949
188,339,725,830,1187,1446,1584,2022,2061,2554,2631,2950
189,340,726,831,1188,1447,1585,2023,2062,2555,2632,2951
190,341,727,832,1189,1448,1586,2024,2063,2556,2633,2952
191,342,728,833,1190,1449,1587,2025,2064,2557,2634,2953
192,343,729,834,1191,1450,1588,2026,2065,2558,2635,2954
193,344,730,835,1192,1451,1589,2027,2066,2559,2636,2955
194,345,731,836,1193,1452,1590,2028,2067,2560,2637,2956
195,346,732,837,1194,1453,1591,2029,2068,2305,2638,2957
196,347,733,838,1195,1454,1592,2030,2069,2306,2639,2958
197,348,734,839,1196,1455,1593,2031,2070,2307,2640,2959
198,349,735,840,1197,1456,1594,2032,2071,2308,2641,2960
199,350,736,841,1198,1457,1595,2033,2072,2309,2642,2961
200,351,737,842,1199,1458,1596,2034,2073,2310,2643,2962
201,352,738,843,1200,1459,1597,2035,2074,2311,2644,2963
202,353,739,844,1201,1460,1598,2036,2075,2312,2645,2964
203,354,740,845,1202,1461,1599,2037,2076,2313,2646,2965
204,355,741,846,1203,1462,1600,2038,2077,2314,2647,2966
205,356,742,847,1204,1463,1601,2039,2078,2315,2648,2967
206,357,743,848,1205,1464,1602,2040,2079,2316,2649,2968
207,358,744,849,1206,1465,1603,2041,2080,2317,2650,2969
208,359,745,850,1207,1466,1604,2042,2081,2318,2651,2970
209,360,746,851,1208,1467,1605,2043,2082,2319,2652,2971
210,361,747,852,1209,1468,1606,2044,2083,2320,2653,2972
211,362,748,853,1210,1469,1607,2045,2084,2321,2654,2973
212,363,749,854,1211,1470,1608,2046,2085,2322,2655,2974
213,364,750,855,1212,1471,1609,2047,2086,2323,2656,2975
214,365,751,856,1213,1472,1610,2048,2087,2324,2657,2976
215,366,752,857,1214,1473,1611,1793,2088,2325,2658,2977
216,367,753,858,1215,1474,1612,1794,2089,2326,2659,2978
217,368,754,859,1216,1475,1613,1795,2090,2327,2660,2979
218,369,755,860,1217,1476,1614,1796,2091,2328,2661,2980
219,370,756,861,1218,1477,1615,1797,2092,2329,2662,2981
220,371,757,862,1219,1478,1616,1798,2093,2330,2663,2982
221,372,758,863,1220,1479,1617,1799,2094,2331,2664,2983
222,373,759,864,1221,1480,1618,1800,2095,2332,2665,2984
223,374,760,865,1222,1481,1619,1801,2096,2333,2666,2985
224,375,761,866,1223,1482,1620,1802,2097,2334,2667,2986
225,376,762,867,1224,1483,1621,1803,2098,2335,2668,2987
226,377,763,868,1225,1484,1622,1804,2099,2336,2669,2988
227,378,764,869,1226,1485,1623,1805,2100,2337,2670,2989
228,379,765,870,1227,1486,1624,1806,2101,2338,2671,2990
229,380,766,871,1228,1487,1625,1807,2102,2339,2672,2991
230,381,767,872,1229,1488,1626,1808,2103,2340,2673,2992
231,382,768,873,1230,1489,1627,1809,2104,2341,2674,2993
232,383,513,874,1231,1490,1628,1810,2105,2342,2675,2994
233,384,514,875,1232,1491,1629,1811,2106,2343,2676,2995
234,385,515,876,1233,1492,1630,1812,2107,2344,2677,2996
235,386,516,877,1234,1493,1631,1813,2108,2345,2678,2997
236,387,517,878,1235,1494,1632,1814,2109,2346,2679,2998
237,388,518,879,1236,1495,1633,1815,2110,2347,2680,2999
238,389,519,880,1237,1496,1634,1816,2111,2348,2681,3000
239,390,520,881,1238,1497,1635,1817,2112,2349,2682,3001
240,391,521,882,1239,1498,1636,1818,2113,2350,2683,3002
241,392,522,883,1240,1499,1637,1819,2114,2351,2684,3003
242,393,523,884,1241,1500,1638,1820,2115,2352,2685,3004
243,394,524,885,1242,1501,1639,1821,2116,2353,2686,3005
244,395,525,886,1243,1502,1640,1822,2117,2354,2687,3006
245,396,526,887,1244,1503,1641,1823,2118,2355,2688,3007
246,397,527,888,1245,1504,1642,1824,2119,2356,2689,3008
247,398,528,889,1246,1505,1643,1825,2120,2357,2690,3009
248,399,529,890,1247,1506,1644,1826,2121,2358,2691,3010
249,400,530,891,1248,1507,1645,1827,2122,2359,2692,3011
250,401,531,892,1249,1508,1646,1828,2123,2360,2693,3012
251,402,532,893,1250,1509,1647,1829,2124,2361,2694,3013
252,403,533,894,1251,1510,1648,1830,2125,2362,2695,3014
253,404,534,895,1252,1511,1649,1831,2126,2363,2696,3015
254,405,535,896,1253,1512,1650,1832,2127,2364,2697,3016
255,406,536,897,1254,1513,1651,1833,2128,2365,2698,3017
256,407,537,898,1255,1514,1652,1834,2129,2366,2699,3018
1,408,538,899,1256,1515,1653,1835,2130,2367,2700,3019
2,409,539,900,1257,1516,1654,1836,2131,2368,2701,3020
3,410,540,901,1258,1517,1655,1837,2132,2369,2702,3021
4,411,541,902,1259,1518,1656,1838,2133,2370,2703,3022
5,412,542,903,1260,1519,1657,1839,2134,2371,2704,3023
6,413,543,904,1261,1520,1658,1840,2135,2372,2705,3024
7,414,544,905,1262,1521,1659,1841,2136,2373,2706,3025
8,415,545,906,1263,1522,1660,1842,2137,2374,2707,3026
9,416,546,907,1264,1523,1661,1843,2138,2375,2708,3027
10,417,547,908,1265,1524,1662,1844,2139,2376,2709,3028
11,418,548,909,1266,1525,1663,1845,2140,2377,2710,3029
12,419,549,910,1267,1526,1664,1846,2141,2378,2711,3030
13,420,550,911,1268,1527,1665,1847,2142,2379,2712,3031
14,421,551,912,1269,1528,1666,1848,2143,2380,2713,3032
15,422,552,913,1270,1529,1667,1849,2144,2381,2714,3033
16,423,553,914,1271,1530,1668,1850,2145,2382,2715,3034
17,424,554,915,1272,1531,1669,1851,2146,2383,2716,3035
18,425,555,916,1273,1532,1670,1852,2147,2384,2717,3036
19,426,556,917,1274,1533,1671,1853,2148,2385,2718,3037
20,427,557,918,1275,1534,1672,1854,2149,2386,2719,3038
21,428,558,919,1276,1535,1673,1855,2150,2387,2720,3039
22,429,559,920,1277,1536,1674,1856,2151,2388,2721,3040
23,430,560,921,1278,1281,1675,1857,2152,2389,2722,3041
24,431,561,922,1279,1282,1676,1858,2153,2390,2723,3042
25,432,562,923,1280,1283,1677,1859,2154,2391,2724,3043
26,433,563,924,1025,1284,1678,1860,2155,2392,2725,3044
27,434,564,925,1026,1285,1679,1861,2156,2393,2726,3045
28,435,565,926,1027,1286,1680,1862,2157,2394,2727,3046
29,436,566,927,1028,1287,1681,1863,2158,2395,2728,3047
30,437,567,928,1029,1288,1682,1864,2159,2396,2729,3048
31,438,568,929,1030,1289,1683,1865,2160,2397,2730,3049
32,439,569,930,1031,1290,1684,1866,2161,2398,2731,3050
33,440,570,931,1032,1291,1685,1867,2162,2399,2732,3051
34,441,571,932,1033,1292,1686,1868,2163,2400,2733,3052
35,442,572,933,1034,1293,1687,1869,2164,2401,2734,3053
36,443,573,934,1035,1294,1688,1870,2165,2402,2735,3054
37,444,574,935,1036,1295,1689,1871,2166,2403,2736,3055
38,445,575,936,1037,1296,1690,1872,2167,2404,2737,3056
39,446,576,937,1038,1297,1691,1873,2168,2405,2738,3057
40,447,577,938,1039,1298,1692,1874,2169,2406,2739,3058
41,448,578,939,1040,1299,1693,1875,2170,2407,2740,3059
42,449,579,940,1041,1300,1694,1876,2171,2408,2741,3060
43,450,580,941,1042,1301,1695,1877,2172,2409,2742,3061
44,451,581,942,1043,1302,1696,1878,2173,2410,2743,3062
45,452,582,943,1044,1303,1697,1879,2174,2411,2744,3063
46,453,583,944,1045,1304,1698,1880,2175,2412,2745,3064
47,454,584,945,1046,1305,1699,1881,2176,2413,2746,3065
48,455,585,946,1047,1306,1700,1882,2177,2414,2747,3066
49,456,586,947,1048,1307,1701,1883,2178,2415,2748,3067
50,457,587,948,1049,1308,1702,1884,2179,2416,2749,3068
51,458,588,949,1050,1309,1703,1885,2180,2417,2750,3069
52,459,589,950,1051,1310,1704,1886,2181,2418,2751,3070
53,460,590,951,1052,1311,1705,1887,2182,2419,2752,3071
54,461,591,952,1053,1312,1706,1888,2183,2420,2753,3072
55,462,592,953,1054,1313,1707,1889,2184,2421,2754,2817
56,463,593,954,1055,1314,1708,1890,2185,2422,2755,2818
57,464,594,955,1056,1315,1709,1891,2186,2423,2756,2819
58,465,595,956,1057,1316,1710,1892,2187,2424,2757,2820
59,466,596,957,1058,1317,1711,1893,2188,2425,2758,2821
60,467,597,958,1059,1318,1712,1894,2189,2426,2759,2822
61,468,598,959,1060,1319,1713,1895,2190,2427,2760,2823
62,469,599,960,1061,1320,1714,1896,2191,2428,2761,2824
63,470,600,961,1062,1321,1715,1897,2192,2429,2762,2825
64,471,601,962,1063,1322,1716,1898,2193,2430,2763,2826
65,472,602,963,1064,1323,1717,1899,2194,2431,2764,2827
66,473,603,964,1065,1324,1718,1900,2195,2432,2765,2828
67,474,604,965,1066,1325,1719,1901,2196,2433,2766,2829
68,475,605,966,1067,1326,1720,1902,2197,2434,2767,2830
69,476,606,967,1068,1327,1721,1903,2198,2435,2768,2831
70,477,607,968,1069,1328,1722,1904,2199,2436,2769,2832
71,478,608,969,1070,1329,1723,1905,2200,2437,2770,2833
72,479,609,970,1071,1330,1724,1906,2201,2438,2771,2834
73,480,610,971,1072,1331,1725,1907,2202,2439,2772,2835
74,481,611,972,1073,1332,1726,1908,2203,2440,2773,2836
75,482,612,973,1074,1333,1727,1909,2204,2441,2774,2837
76,483,613,974,1075,1334,1728,1910,2205,2442,2775,2838
77,484,614,975,1076,1335,1729,1911,2206,2443,2776,2839
78,485,615,976,1077,1336,1730,1912,2207,2444,2777,2840
79,486,616,977,1078,1337,1731,1913,2208,2445,2778,2841
80,487,617,978,1079,1338,1732,1914,2209,2446,2779,2842
81,488,618,979,1080,1339,1733,1915,2210,2447,2780,2843
82,489,619,980,1081,1340,1734,1916,2211,2448,2781,2844
83,490,620,981,1082,1341,1735,1917,2212,2449,2782,2845
84,491,621,982,1083,1342,1736,1918,2213,2450,2783,2846
85,492,622,983,1084,1343,1737,1919,2214,2451,2784,2847
86,493,623,984,1085,1344,1738,1920,2215,2452,2785,2848
87,494,624,985,1086,1345,1739,1921,2216,2453,2786,2849
88,495,625,986,1087,1346,1740,1922,2217,2454,2787,2850
89,496,626,987,1088,1347,1741,1923,2218,2455,2788,2851
90,497,627,988,1089,1348,1742,1924,2219,2456,2789,2852
91,498,628,989,1090,1349,1743,1925,2220,2457,2790,2853
92,499,629,990,1091,1350,1744,1926,2221,2458,2791,2854
93,500,630,991,1092,1351,1745,1927,2222,2459,2792,2855
94,501,631,992,1093,1352,1746,1928,2223,2460,2793,2856
95,502,632,993,1094,1353,1747,1929,2224,2461,2794,2857
96,503,633,994,1095,1354,1748,1930,2225,2462,2795,2858
97,504,634,995,1096,1355,1749,1931,2226,2463,2796,2859
98,505,635,996,1097,1356,1750,1932,2227,2464,2797,2860
99,506,636,997,1098,1357,1751,1933,2228,2465,2798,2861
100,507,637,998,1099,1358,1752,1934,2229,2466,2799,2862
101,508,638,999,1100,1359,1753,1935,2230,2467,2800,2863
102,509,639,1000,1101,1360,1754,1936,2231,2468,2801,2864
103,510,640,1001,1102,1361,1755,1937,2232,2469,2802,2865
104,511,641,1002,1103,1362,1756,1938,2233,2470,2803,2866
105,512,642,1003,1104,1363,1757,1939,2234,2471,2804,2867
106,257,643,1004,1105,1364,1758,1940,2235,2472,2805,2868
107,258,644,1005,1106,1365,1759,1941,2236,2473,2806,2869
108,259,645,1006,1107,1366,1760,1942,2237,2474,2807,2870
109,260,646,1007,1108,1367,1761,1943,2238,2475,2808,2871
110,261,647,1008,1109,1368,1762,1944,2239,2476,2809,2872
111,262,648,1009,1110,1369,1763,1945,2240,2477,2810,2873
112,263,649,1010,1111,1370,1764,1946,2241,2478,2811,2874
113,264,650,1011,1112,1371,1765,1947,2242,2479,2812,2875
114,265,651,1012,1113,1372,1766,1948,2243,2480,2813,2876
115,266,652,1013,1114,1373,1767,1949,2244,2481,2814,2877
116,267,653,1014,1115,1374,1768,1950,2245,2482,2815,2878
117,268,654,1015,1116,1375,1769,1951,2246,2483,2816,2879
118,269,655,1016,1117,1376,1770,1952,2247,2484,2561,2880
119,270,656,1017,1118,1377,1771,1953,2248,2485,2562,2881
120,271,657,1018,1119,1378,1772,1954,2249,2486,2563,2882
121,272,658,1019,1120,1379,1773,1955,2250,2487,2564,2883
122,273,659,1020,1121,1380,1774,1956,2251,2488,2565,2884
123,274,660,1021,1122,1381,1775,1957,2252,2489,2566,2885
124,275,661,1022,1123,1382,1776,1958,2253,2490,2567,2886
125,276,662,1023,1124,1383,1777,1959,2254,2491,2568,2887
126,277,663,1024,1125,1384,1778,1960,2255,2492,2569,2888
127,278,664,769,1126,1385,1779,1961,2256,2493,2570,2889
128,279,665,770,1127,1386,1780,1962,2257,2494,2571,2890
129,280,666,771,1128,1387,1781,1963,2258,2495,2572,2891
130,281,667,772,1129,1388,1782,1964,2259,2496,2573,2892
131,282,668,773,1130,1389,1783,1965,2260,2497,2574,2893
132,283,669,774,1131,1390,1784,1966,2261,2498,2575,2894
133,284,670,775,1132,1391,1785,1967,2262,2499,2576,2895
134,285,671,776,1133,1392,1786,1968,2263,2500,2577,2896
135,286,672,777,1134,1393,1787,1969,2264,2501,2578,2897
136,287,673,778,1135,1394,1788,1970,2265,2502,2579,2898
137,288,674,779,1136,1395,1789,1971,2266,2503,2580,2899
138,289,675,780,1137,1396,1790,1972,2267,2504,2581,2900
139,290,676,781,1138,1397,1791,1973,2268,2505,2582,2901
140,291,677,782,1139,1398,1792,1974,2269,2506,2583,2902
141,292,678,783,1140,1399,1537,1975,2270,2507,2584,2903
142,293,679,784,1141,1400,1538,1976,2271,2508,2585,2904
143,294,680,785,1142,1401,1539,1977,2272,2509,2586,2905
144,295,681,786,1143,1402,1540,1978,2273,2510,2587,2906
145,296,682,787,1144,1403,1541,1979,2274,2511,2588,2907
146,297,683,788,1145,1404,1542,1980,2275,2512,2589,2908
147,298,684,789,1146,1405,1543,1981,2276,2513,2590,2909
148,299,685,790,1147,1406,1544,1982,2277,2514,2591,2910
149,300,686,791,1148,1407,1545,1983,2278,2515,2592,2911
150,301,687,792,1149,1408,1546,1984,2279,2516,2593,2912
151,302,688,793,1150,1409,1547,1985,2280,2517,2594,2913
152,303,689,794,1151,1410,1548,1986,2281,2518,2595,2914
153,304,690,795,1152,1411,1549,1987,2282,2519,2596,2915
154,305,691,796,1153,1412,1550,1988,2283,2520,2597,2916
155,306,692,797,1154,1413,1551,1989,2284,2521,2598,2917
156,307,693,798,1155,1414,1552,1990,2285,2522,2599,2918
157,308,694,799,1156,1415,1553,1991,2286,2523,2600,2919
158,309,695,800,1157,1416,1554,1992,2287,2524,2601,2920
159,310,696,801,1158,1417,1555,1993,2288,2525,2602,2921
160,311,697,802,1159,1418,1556,1994,2289,2526,2603,2922
161,312,698,803,1160,1419,1557,1995,2290,2527,2604,2923
162,313,699,804,1161,1420,1558,1996,2291,2528,2605,2924
163,314,700,805,1162,1421,1559,1997,2292,2529,2606,2925
164,315,701,806,1163,1422,1560,1998,2293,2530,2607,2926
165,316,702,807,1164,1423,1561,1999,2294,2531,2608,2927
166,317,703,808,1165,1424,1562,2000,2295,2532,2609,2928
167,318,704,809,1166,1425,1563,2001,2296,2533,2610,2929
168,319,705,810,1167,1426,1564,2002,2297,2534,2611,2930
169,320,706,811,1168,1427,1565,2003,2298,2535,2612,2931
170,321,707,812,1169,1428,1566,2004,2299,2536,2613,2932
171,322,708,813,1170,1429,1567,2005,2300,2537,2614,2933
172,323,709,814,1171,1430,1568,2006,2301,2538,2615,2934
173,324,710,815,1172,1431,1569,2007,2302,2539,2616,2935
174,325,711,816,1173,1432,1570,2008,2303,2540,2617,2936
175,326,712,817,1174,1433,1571,2009,2304,2541,2618,2937
176,327,713,818,1175,1434,1572,2010,2049,2542,2619,2938
177,328,714,819,1176,1435,1573,2011,2050,2543,2620,2939
178,329,715,820,1177,1436,1574,2012,2051,2544,2621,2940
179,330,716,821,1178,1437,1575,2013,2052,2545,2622,2941
180,331,717,822,1179,1438,1576,2014,2053,2546,2623,2942
181,332,718,823,1180,1439,1577,2015,2054,2547,2624,2943
182,333,719,824,1181,1440,1578,2016,2055,2548,2625,2944
183,334,720,825,1182,1441,1579,2017,2056,2549,2626,2945
184,335,721,826,1183,1442,1580,2018,2057,2550,2627,2946
248,441,592,978,1083,1440,1699,1837,2275,2314,2807,2884
249,442,593,979,1084,1441,1700,1838,2276,2315,2808,2885
250,443,594,980,1085,1442,1701,1839,2277,2316,2809,2886
251,444,595,981,1086,1443,1702,1840,2278,2317,2810,2887
252,445,596,982,1087,1444,1703,1841,2279,2318,2811,2888
253,446,597,983,1088,1445,1704,1842,2280,2319,2812,2889
254,447,598,984,1089,1446,1705,1843,2281,2320,2813,2890
255,448,599,985,1090,1447,1706,1844,2282,2321,2814,2891
256,449,600,986,1091,1448,1707,1845,2283,2322,2815,2892
1,450,601,987,1092,1449,1708,1846,2284,2323,2816,2893
2,451,602,988,1093,1450,1709,1847,2285,2324,2561,2894
3,452,603,989,1094,1451,1710,1848,2286,2325,2562,2895
4,453,604,990,1095,1452,1711,1849,2287,2326,2563,2896
5,454,605,991,1096,1453,1712,1850,2288,2327,2564,2897
6,455,606,992,1097,1454,1713,1851,2289,2328,2565,2898
7,456,607,993,1098,1455,1714,1852,2290,2329,2566,2899
8,457,608,994,1099,1456,1715,1853,2291,2330,2567,2900
9,458,609,995,1100,1457,1716,1854,2292,2331,2568,2901
10,459,610,996,1101,1458,1717,1855,2293,2332,2569,2902
11,460,611,997,1102,1459,1718,1856,2294,2333,2570,2903
12,461,612,998,1103,1460,1719,1857,2295,2334,2571,2904
13,462,613,999,1104,1461,1720,1858,2296,2335,2572,2905
14,463,614,1000,1105,1462,1721,1859,2297,2336,2573,2906
15,464,615,1001,1106,1463,1722,1860,2298,2337,2574,2907
16,465,616,1002,1107,1464,1723,1861,2299,2338,2575,2908
17,466,617,1003,1108,1465,1724,1862,2300,2339,2576,2909
18,467,618,1004,1109,1466,1725,1863,2301,2340,2577,2910
19,468,619,1005,1110,1467,1726,1864,2302,2341,2578,2911
20,469,620,1006,1111,1468,1727,1865,2303,2342,2579,2912
21,470,621,1007,1112,1469,1728,1866,2304,2343,2580,2913
22,471,622,1008,1113,1470,1729,1867,2049,2344,2581,2914
23,472,623,1009,1114,1471,1730,1868,2050,2345,2582,2915
24,473,624,1010,1115,1472,1731,1869,2051,2346,2583,2916
25,474,625,1011,1116,1473,1732,1870,2052,2347,2584,2917
26,475,626,1012,1117,1474,1733,1871,2053,2348,2585,2918
27,476,627,1013,1118,1475,1734,1872,2054,2349,2586,2919
28,477,628,1014,1119,1476,1735,1873,2055,2350,2587,2920
29,478,629,1015,1120,1477,1736,1874,2056,2351,2588,2921
30,479,630,1016,1121,1478,1737,1875,2057,2352,2589,2922
31,480,631,1017,1122,1479,1738,1876,2058,2353,2590,2923
32,481,632,1018,1123,1480,1739,1877,2059,2354,2591,2924
33,482,633,1019,1124,1481,1740,1878,2060,2355,2592,2925
34,483,634,1020,1125,1482,1741,1879,2061,2356,2593,2926
35,484,635,1021,1126,1483,1742,1880,2062,2357,2594,2927
36,485,636,1022,1127,1484,1743,1881,2063,2358,2595,2928
37,486,637,1023,1128,1485,1744,1882,2064,2359,2596,2929
38,487,638,1024,1129,1486,1745,1883,2065,2360,2597,2930
39,488,639,769,1130,1487,1746,1884,2066,2361,2598,2931
40,489,640,770,1131,1488,1747,1885,2067,2362,2599,2932
41,490,641,771,1132,1489,1748,1886,2068,2363,2600,2933
42,491,642,772,1133,1490,1749,1887,2069,2364,2601,2934
43,492,643,773,1134,1491,1750,1888,2070,2365,2602,2935
44,493,644,774,1135,1492,1751,1889,2071,2366,2603,2936
45,494,645,775,1136,1493,1752,1890,2072,2367,2604,2937
46,495,646,776,1137,1494,1753,1891,2073,2368,2605,2938
47,496,647,777,1138,1495,1754,1892,2074,2369,2606,2939
48,497,648,778,1139,1496,1755,1893,2075,2370,2607,2940
49,498,649,779,1140,1497,1756,1894,2076,2371,2608,2941
50,499,650,780,1141,1498,1757,1895,2077,2372,2609,2942
51,500,651,781,1142,1499,1758,1896,2078,2373,2610,2943
52,501,652,782,1143,1500,1759,1897,2079,2374,2611,2944
53,502,653,783,1144,1501,1760,1898,2080,2375,2612,2945
54,503,654,784,1145,1502,1761,1899,2081,2376,2613,2946
55,504,655,785,1146,1503,1762,1900,2082,2377,2614,2947
56,505,656,786,1147,1504,1763,1901,2083,2378,2615,2948
57,506,657,787,1148,1505,1764,1902,2084,2379,2616,2949
58,507,658,788,1149,1506,1765,1903,2085,2380,2617,2950
59,508,659,789,1150,1507,1766,1904,2086,2381,2618,2951
60,509,660,790,1151,1508,1767,1905,2087,2382,2619,2952
61,510,661,791,1152,1509,1768,1906,2088,2383,2620,2953
62,511,662,792,1153,1510,1769,1907,2089,2384,2621,2954
63,512,663,793,1154,1511,1770,1908,2090,2385,2622,2955
64,257,664,794,1155,1512,1771,1909,2091,2386,2623,2956
65,258,665,795,1156,1513,1772,1910,2092,2387,2624,2957
66,259,666,796,1157,1514,1773,1911,2093,2388,2625,2958
67,260,667,797,1158,1515,1774,1912,2094,2389,2626,2959
68,261,668,798,1159,1516,1775,1913,2095,2390,2627,2960
69,262,669,799,1160,1517,1776,1914,2096,2391,2628,2961
70,263,670,800,1161,1518,1777,1915,2097,2392,2629,2962
71,264,671,801,1162,1519,1778,1916,2098,2393,2630,2963
72,265,672,802,1163,1520,1779,1917,2099,2394,2631,2964
73,266,673,803,1164,1521,1780,1918,2100,2395,2632,2965
74,267,674,804,1165,1522,1781,1919,2101,2396,2633,2966
75,268,675,805,1166,1523,1782,1920,2102,2397,2634,2967
76,269,676,806,1167,1524,1783,1921,2103,2398,2635,2968
77,270,677,807,1168,1525,1784,1922,2104,2399,2636,2969
78,271,678,808,1169,1526,1785,1923,2105,2400,2637,2970
79,272,679,809,1170,1527,1786,1924,2106,2401,2638,2971
80,273,680,810,1171,1528,1787,1925,2107,2402,2639,2972
81,274,681,811,1172,1529,1788,1926,2108,2403,2640,2973
82,275,682,812,1173,1530,1789,1927,2109,2404,2641,2974
83,276,683,813,1174,1531,1790,1928,2110,2405,2642,2975
84,277,684,814,1175,1532,1791,1929,2111,2406,2643,2976
85,278,685,815,1176,1533,1792,1930,2112,2407,2644,2977
86,279,686,816,1177,1534,1537,1931,2113,2408,2645,2978
87,280,687,817,1178,1535,1538,1932,2114,2409,2646,2979
88,281,688,818,1179,1536,1539,1933,2115,2410,2647,2980
89,282,689,819,1180,1281,1540,1934,2116,2411,2648,2981
90,283,690,820,1181,1282,1541,1935,2117,2412,2649,2982
91,284,691,821,1182,1283,1542,1936,2118,2413,2650,2983
92,285,692,822,1183,1284,1543,1937,2119,2414,2651,2984
93,286,693,823,1184,1285,1544,1938,2120,2415,2652,2985
94,287,694,824,1185,1286,1545,1939,2121,2416,2653,2986
95,288,695,825,1186,1287,1546,1940,2122,2417,2654,2987
96,289,696,826,1187,1288,1547,1941,2123,2418,2655,2988
97,290,697,827,1188,1289,1548,1942,2124,2419,2656,2989
98,291,698,828,1189,1290,1549,1943,2125,2420,2657,2990
99,292,699,829,1190,1291,1550,1944,2126,2421,2658,2991
100,293,700,830,1191,1292,1551,1945,2127,2422,2659,2992
101,294,701,831,1192,1293,1552,1946,2128,2423,2660,2993
102,295,702,832,1193,1294,1553,1947,2129,2424,2661,2994
103,296,703,833,1194,1295,1554,1948,2130,2425,2662,2995
104,297,704,834,1195,1296,1555,1949,2131,2426,2663,2996
105,298,705,835,1196,1297,1556,1950,2132,2427,2664,2997
106,299,706,836,1197,1298,1557,1951,2133,2428,2665,2998
107,300,707,837,1198,1299,1558,1952,2134,2429,2666,2999
108,301,708,838,1199,1300,1559,1953,2135,2430,2667,3000
109,302,709,839,1200,1301,1560,1954,2136,2431,2668,3001
110,303,710,840,1201,1302,1561,1955,2137,2432,2669,3002
111,304,711,841,1202,1303,1562,1956,2138,2433,2670,3003
112,305,712,842,1203,1304,1563,1957,2139,2434,2671,3004
113,306,713,843,1204,1305,1564,1958,2140,2435,2672,3005
114,307,714,844,1205,1306,1565,1959,2141,2436,2673,3006
115,308,715,845,1206,1307,1566,1960,2142,2437,2674,3007
116,309,716,846,1207,1308,1567,1961,2143,2438,2675,3008
117,310,717,847,1208,1309,1568,1962,2144,2439,2676,3009
118,311,718,848,1209,1310,1569,1963,2145,2440,2677,3010
119,312,719,849,1210,1311,1570,1964,2146,2441,2678,3011
120,313,720,850,1211,1312,1571,1965,2147,2442,2679,3012
121,314,721,851,1212,1313,1572,1966,2148,2443,2680,3013
122,315,722,852,1213,1314,1573,1967,2149,2444,2681,3014
123,316,723,853,1214,1315,1574,1968,2150,2445,2682,3015
124,317,724,854,1215,1316,1575,1969,2151,2446,2683,3016
125,318,725,855,1216,1317,1576,1970,2152,2447,2684,3017
126,319,726,856,1217,1318,1577,1971,2153,2448,2685,3018
127,320,727,857,1218,1319,1578,1972,2154,2449,2686,3019
128,321,728,858,1219,1320,1579,1973,2155,2450,2687,3020
129,322,729,859,1220,1321,1580,1974,2156,2451,2688,3021
130,323,730,860,1221,1322,1581,1975,2157,2452,2689,3022
131,324,731,861,1222,1323,1582,1976,2158,2453,2690,3023
132,325,732,862,1223,1324,1583,1977,2159,2454,2691,3024
133,326,733,863,1224,1325,1584,1978,2160,2455,2692,3025
134,327,734,864,1225,1326,1585,1979,2161,2456,2693,3026
135,328,735,865,1226,1327,1586,1980,2162,2457,2694,3027
136,329,736,866,1227,1328,1587,1981,2163,2458,2695,3028
137,330,737,867,1228,1329,1588,1982,2164,2459,2696,3029
138,331,738,868,1229,1330,1589,1983,2165,2460,2697,3030
139,332,739,869,1230,1331,1590,1984,2166,2461,2698,3031
140,333,740,870,1231,1332,1591,1985,2167,2462,2699,3032
141,334,741,871,1232,1333,1592,1986,2168,2463,2700,3033
142,335,742,872,1233,1334,1593,1987,2169,2464,2701,3034
143,336,743,873,1234,1335,1594,1988,2170,2465,2702,3035
144,337,744,874,1235,1336,1595,1989,2171,2466,2703,3036
145,338,745,875,1236,1337,1596,1990,2172,2467,2704,3037
146,339,746,876,1237,1338,1597,1991,2173,2468,2705,3038
147,340,747,877,1238,1339,1598,1992,2174,2469,2706,3039
148,341,748,878,1239,1340,1599,1993,2175,2470,2707,3040
149,342,749,879,1240,1341,1600,1994,2176,2471,2708,3041
150,343,750,880,1241,1342,1601,1995,2177,2472,2709,3042
151,344,751,881,1242,1343,1602,1996,2178,2473,2710,3043
152,345,752,882,1243,1344,1603,1997,2179,2474,2711,3044
153,346,753,883,1244,1345,1604,1998,2180,2475,2712,3045
154,347,754,884,1245,1346,1605,1999,2181,2476,2713,3046
155,348,755,885,1246,1347,1606,2000,2182,2477,2714,3047
156,349,756,886,1247,1348,1607,2001,2183,2478,2715,3048
157,350,757,887,1248,1349,1608,2002,2184,2479,2716,3049
158,351,758,888,1249,1350,1609,2003,2185,2480,2717,3050
159,352,759,889,1250,1351,1610,2004,2186,2481,2718,3051
160,353,760,890,1251,1352,1611,2005,2187,2482,2719,3052
161,354,761,891,1252,1353,1612,2006,2188,2483,2720,3053
162,355,762,892,1253,1354,1613,2007,2189,2484,2721,3054
163,356,763,893,1254,1355,1614,2008,2190,2485,2722,3055
164,357,764,894,1255,1356,1615,2009,2191,2486,2723,3056
165,358,765,895,1256,1357,1616,2010,2192,2487,2724,3057
166,359,766,896,1257,1358,1617,2011,2193,2488,2725,3058
167,360,767,897,1258,1359,1618,2012,2194,2489,2726,3059
168,361,768,898,1259,1360,1619,2013,2195,2490,2727,3060
169,362,513,899,1260,1361,1620,2014,2196,2491,2728,3061
170,363,514,900,1261,1362,1621,2015,2197,2492,2729,3062
171,364,515,901,1262,1363,1622,2016,2198,2493,2730,3063
172,365,516,902,1263,1364,1623,2017,2199,2494,2731,3064
173,366,517,903,1264,1365,1624,2018,2200,2495,2732,3065
174,367,518,904,1265,1366,1625,2019,2201,2496,2733,3066
175,368,519,905,1266,1367,1626,2020,2202,2497,2734,3067
176,369,520,906,1267,1368,1627,2021,2203,2498,2735,3068
177,370,521,907,1268,1369,1628,2022,2204,2499,2736,3069
178,371,522,908,1269,1370,1629,2023,2205,2500,2737,3070
179,372,523,909,1270,1371,1630,2024,2206,2501,2738,3071
180,373,524,910,1271,1372,1631,2025,2207,2502,2739,3072
181,374,525,911,1272,1373,1632,2026,2208,2503,2740,2817
182,375,526,912,1273,1374,1633,2027,2209,2504,2741,2818
183,376,527,913,1274,1375,1634,2028,2210,2505,2742,2819
184,377,528,914,1275,1376,1635,2029,2211,2506,2743,2820
185,378,529,915,1276,1377,1636,2030,2212,2507,2744,2821
186,379,530,916,1277,1378,1637,2031,2213,2508,2745,2822
187,380,531,917,1278,1379,1638,2032,2214,2509,2746,2823
188,381,532,918,1279,1380,1639,2033,2215,2510,2747,2824
189,382,533,919,1280,1381,1640,2034,2216,2511,2748,2825
190,383,534,920,1025,1382,1641,2035,2217,2512,2749,2826
191,384,535,921,1026,1383,1642,2036,2218,2513,2750,2827
192,385,536,922,1027,1384,1643,2037,2219,2514,2751,2828
193,386,537,923,1028,1385,1644,2038,2220,2515,2752,2829
194,387,538,924,1029,1386,1645,2039,2221,2516,2753,2830
195,388,539,925,1030,1387,1646,2040,2222,2517,2754,2831
196,389,540,926,1031,1388,1647,2041,2223,2518,2755,2832
197,390,541,927,1032,1389,1648,2042,2224,2519,2756,2833
198,391,542,928,1033,1390,1649,2043,2225,2520,2757,2834
199,392,543,929,1034,1391,1650,2044,2226,2521,2758,2835
200,393,544,930,1035,1392,1651,2045,2227,2522,2759,2836
201,394,545,931,1036,1393,1652,2046,2228,2523,2760,2837
202,395,546,932,1037,1394,1653,2047,2229,2524,2761,2838
203,396,547,933,1038,1395,1654,2048,2230,2525,2762,2839
204,397,548,934,1039,1396,1655,1793,2231,2526,2763,2840
205,398,549,935,1040,1397,1656,1794,2232,2527,2764,2841
206,399,550,936,1041,1398,1657,1795,2233,2528,2765,2842
207,400,551,937,1042,1399,1658,1796,2234,2529,2766,2843
208,401,552,938,1043,1400,1659,1797,2235,2530,2767,2844
209,402,553,939,1044,1401,1660,1798,2236,2531,2768,2845
210,403,554,940,1045,1402,1661,1799,2237,2532,2769,2846
211,404,555,941,1046,1403,1662,1800,2238,2533,2770,2847
212,405,556,942,1047,1404,1663,1801,2239,2534,2771,2848
213,406,557,943,1048,1405,1664,1802,2240,2535,2772,2849
214,407,558,944,1049,1406,1665,1803,2241,2536,2773,2850
215,408,559,945,1050,1407,1666,1804,2242,2537,2774,2851
216,409,560,946,1051,1408,1667,1805,2243,2538,2775,2852
217,410,561,947,1052,1409,1668,1806,2244,2539,2776,2853
218,411,562,948,1053,1410,1669,1807,2245,2540,2777,2854
219,412,563,949,1054,1411,1670,1808,2246,2541,2778,2855
220,413,564,950,1055,1412,1671,1809,2247,2542,2779,2856
221,414,565,951,1056,1413,1672,1810,2248,2543,2780,2857
222,415,566,952,1057,1414,1673,1811,2249,2544,2781,2858
223,416,567,953,1058,1415,1674,1812,2250,2545,2782,2859
224,417,568,954,1059,1416,1675,1813,2251,2546,2783,2860
225,418,569,955,1060,1417,1676,1814,2252,2547,2784,2861
226,419,570,956,1061,1418,1677,1815,2253,2548,2785,2862
227,420,571,957,1062,1419,1678,1816,2254,2549,2786,2863
228,421,572,958,1063,1420,1679,1817,2255,2550,2787,2864
229,422,573,959,1064,1421,1680,1818,2256,2551,2788,2865
230,423,574,960,1065,1422,1681,1819,2257,2552,2789,2866
231,424,575,961,1066,1423,1682,1820,2258,2553,2790,2867
232,425,576,962,1067,1424,1683,1821,2259,2554,2791,2868
233,426,577,963,1068,1425,1684,1822,2260,2555,2792,2869
234,427,578,964,1069,1426,1685,1823,2261,2556,2793,2870
235,428,579,965,1070,1427,1686,1824,2262,2557,2794,2871
236,429,580,966,1071,1428,1687,1825,2263,2558,2795,2872
237,430,581,967,1072,1429,1688,1826,2264,2559,2796,2873
238,431,582,968,1073,1430,1689,1827,2265,2560,2797,2874
239,432,583,969,1074,1431,1690,1828,2266,2305,2798,2875
240,433,584,970,1075,1432,1691,1829,2267,2306,2799,2876
241,434,585,971,1076,1433,1692,1830,2268,2307,2800,2877
242,435,586,972,1077,1434,1693,1831,2269,2308,2801,2878
243,436,587,973,1078,1435,1694,1832,2270,2309,2802,2879
244,437,588,974,1079,1436,1695,1833,2271,2310,2803,2880
245,438,589,975,1080,1437,1696,1834,2272,2311,2804,2881
246,439,590,976,1081,1438,1697,1835,2273,2312,2805,2882
247,440,591,977,1082,1439,1698,1836,2274,2313,2806,2883
155,504,697,848,1234,1339,1696,1955,2093,2531,2570,3063
156,505,698,849,1235,1340,1697,1956,2094,2532,2571,3064
157,506,699,850,1236,1341,1698,1957,2095,2533,2572,3065
158,507,700,851,1237,1342,1699,1958,2096,2534,2573,3066
159,508,701,852,1238,1343,1700,1959,2097,2535,2574,3067
160,509,702,853,1239,1344,1701,1960,2098,2536,2575,3068
161,510,703,854,1240,1345,1702,1961,2099,2537,2576,3069
162,511,704,855,1241,1346,1703,1962,2100,2538,2577,3070
163,512,705,856,1242,1347,1704,1963,2101,2539,2578,3071
164,257,706,857,1243,1348,1705,1964,2102,2540,2579,3072
165,258,707,858,1244,1349,1706,1965,2103,2541,2580,2817
166,259,708,859,1245,1350,1707,1966,2104,2542,2581,2818
167,260,709,860,1246,1351,1708,1967,2105,2543,2582,2819
168,261,710,861,1247,1352,1709,1968,2106,2544,2583,2820
169,262,711,862,1248,1353,1710,1969,2107,2545,2584,2821
170,263,712,863,1249,1354,1711,1970,2108,2546,2585,2822
171,264,713,864,1250,1355,1712,1971,2109,2547,2586,2823
172,265,714,865,1251,1356,1713,1972,2110,2548,2587,2824
173,266,715,866,1252,1357,1714,1973,2111,2549,2588,2825
174,267,716,867,1253,1358,1715,1974,2112,2550,2589,2826
175,268,717,868,1254,1359,1716,1975,2113,2551,2590,2827
176,269,718,869,1255,1360,1717,1976,2114,2552,2591,2828
177,270,719,870,1256,1361,1718,1977,2115,2553,2592,2829
178,271,720,871,1257,1362,1719,1978,2116,2554,2593,2830
179,272,721,872,1258,1363,1720,1979,2117,2555,2594,2831
180,273,722,873,1259,1364,1721,1980,2118,2556,2595,2832
181,274,723,874,1260,1365,1722,1981,2119,2557,2596,2833
182,275,724,875,1261,1366,1723,1982,2120,2558,2597,2834
183,276,725,876,1262,1367,1724,1983,2121,2559,2598,2835
184,277,726,877,1263,1368,1725,1984,2122,2560,2599,2836
185,278,727,878,1264,1369,1726,1985,2123,2305,2600,2837
186,279,728,879,1265,1370,1727,1986,2124,2306,2601,2838
187,280,729,880,1266,1371,1728,1987,2125,2307,2602,2839
188,281,730,881,1267,1372,1729,1988,2126,2308,2603,2840
189,282,731,882,1268,1373,1730,1989,2127,2309,2604,2841
190,283,732,883,1269,1374,1731,1990,2128,2310,2605,2842
191,284,733,884,1270,1375,1732,1991,2129,2311,2606,2843
192,285,734,885,1271,1376,1733,1992,2130,2312,2607,2844
193,286,735,886,1272,1377,1734,1993,2131,2313,2608,2845
194,287,736,887,1273,1378,1735,1994,2132,2314,2609,2846
195,288,737,888,1274,1379,1736,1995,2133,2315,2610,2847
196,289,738,889,1275,1380,1737,1996,2134,2316,2611,2848
197,290,739,890,1276,1381,1738,1997,2135,2317,2612,2849
198,291,740,891,1277,1382,1739,1998,2136,2318,2613,2850
199,292,741,892,1278,1383,1740,1999,2137,2319,2614,2851
200,293,742,893,1279,1384,1741,2000,2138,2320,2615,2852
201,294,743,894,1280,1385,1742,2001,2139,2321,2616,2853
202,295,744,895,1025,1386,1743,2002,2140,2322,2617,2854
203,296,745,896,1026,1387,1744,2003,2141,2323,2618,2855
204,297,746,897,1027,1388,1745,2004,2142,2324,2619,2856
205,298,747,898,1028,1389,1746,2005,2143,2325,2620,2857
206,299,748,899,1029,1390,1747,2006,2144,2326,2621,2858
207,300,749,900,1030,1391,1748,2007,2145,2327,2622,2859
208,301,750,901,1031,1392,1749,2008,2146,2328,2623,2860
209,302,751,902,1032,1393,1750,2009,2147,2329,2624,2861
210,303,752,903,1033,1394,1751,2010,2148,2330,2625,2862
211,304,753,904,1034,1395,1752,2011,2149,2331,2626,2863
212,305,754,905,1035,1396,1753,2012,2150,2332,2627,2864
213,306,755,906,1036,1397,1754,2013,2151,2333,2628,2865
214,307,756,907,1037,1398,1755,2014,2152,2334,2629,2866
215,308,757,908,1038,1399,1756,2015,2153,2335,2630,2867
216,309,758,909,1039,1400,1757,2016,2154,2336,2631,2868
217,310,759,910,1040,1401,1758,2017,2155,2337,2632,2869
218,311,760,911,1041,1402,1759,2018,2156,2338,2633,2870
219,312,761,912,1042,1403,1760,2019,2157,2339,2634,2871
220,313,762,913,1043,1404,1761,2020,2158,2340,2635,2872
221,314,763,914,1044,1405,1762,2021,2159,2341,2636,2873
222,315,764,915,1045,1406,1763,2022,2160,2342,2637,2874
223,316,765,916,1046,1407,1764,2023,2161,2343,2638,2875
224,317,766,917,1047,1408,1765,2024,2162,2344,2639,2876
225,318,767,918,1048,1409,1766,2025,2163,2345,2640,2877
226,319,768,919,1049,1410,1767,2026,2164,2346,2641,2878
227,320,513,920,1050,1411,1768,2027,2165,2347,2642,2879
228,321,514,921,1051,1412,1769,2028,2166,2348,2643,2880
229,322,515,922,1052,1413,1770,2029,2167,2349,2644,2881
230,323,516,923,1053,1414,1771,2030,2168,2350,2645,2882
231,324,517,924,1054,1415,1772,2031,2169,2351,2646,2883
232,325,518,925,1055,1416,1773,2032,2170,2352,2647,2884
233,326,519,926,1056,1417,1774,2033,2171,2353,2648,2885
234,327,520,927,1057,1418,1775,2034,2172,2354,2649,2886
235,328,521,928,1058,1419,1776,2035,2173,2355,2650,2887
236,329,522,929,1059,1420,1777,2036,2174,2356,2651,2888
237,330,523,930,1060,1421,1778,2037,2175,2357,2652,2889
238,331,524,931,1061,1422,1779,2038,2176,2358,2653,2890
239,332,525,932,1062,1423,1780,2039,2177,2359,2654,2891
240,333,526,933,1063,1424,1781,2040,2178,2360,2655,2892
241,334,527,934,1064,1425,1782,2041,2179,2361,2656,2893
242,335,528,935,1065,1426,1783,2042,2180,2362,2657,2894
243,336,529,936,1066,1427,1784,2043,2181,2363,2658,2895
244,337,530,937,1067,1428,1785,2044,2182,2364,2659,2896
245,338,531,938,1068,1429,1786,2045,2183,2365,2660,2897
246,339,532,939,1069,1430,1787,2046,2184,2366,2661,2898
247,340,533,940,1070,1431,1788,2047,2185,2367,2662,2899
248,341,534,941,1071,1432,1789,2048,2186,2368,2663,2900
249,342,535,942,1072,1433,1790,1793,2187,2369,2664,2901
250,343,536,943,1073,1434,1791,1794,2188,2370,2665,2902
251,344,537,944,1074,1435,1792,1795,2189,2371,2666,2903
252,345,538,945,1075,1436,1537,1796,2190,2372,2667,2904
253,346,539,946,1076,1437,1538,1797,2191,2373,2668,2905
254,347,540,947,1077,1438,1539,1798,2192,2374,2669,2906
255,348,541,948,1078,1439,1540,1799,2193,2375,2670,2907
256,349,542,949,1079,1440,1541,1800,2194,2376,2671,2908
1,350,543,950,1080,1441,1542,1801,2195,2377,2672,2909
2,351,544,951,1081,1442,1543,1802,2196,2378,2673,2910
3,352,545,952,1082,1443,1544,1803,2197,2379,2674,2911
4,353,546,953,1083,1444,1545,1804,2198,2380,2675,2912
5,354,547,954,1084,1445,1546,1805,2199,2381,2676,2913
6,355,548,955,1085,1446,1547,1806,2200,2382,2677,2914
7,356,549,956,1086,1447,1548,1807,2201,2383,2678,2915
8,357,550,957,1087,1448,1549,1808,2202,2384,2679,2916
9,358,551,958,1088,1449,1550,1809,2203,2385,2680,2917
10,359,552,959,1089,1450,1551,1810,2204,2386,2681,2918
11,360,553,960,1090,1451,1552,1811,2205,2387,2682,2919
12,361,554,961,1091,1452,1553,1812,2206,2388,2683,2920
13,362,555,962,1092,1453,1554,1813,2207,2389,2684,2921
14,363,556,963,1093,1454,1555,1814,2208,2390,2685,2922
15,364,557,964,1094,1455,1556,1815,2209,2391,2686,2923
16,365,558,965,1095,1456,1557,1816,2210,2392,2687,2924
17,366,559,966,1096,1457,1558,1817,2211,2393,2688,2925
18,367,560,967,1097,1458,1559,1818,2212,2394,2689,2926
19,368,561,968,1098,1459,1560,1819,2213,2395,2690,2927
20,369,562,969,1099,1460,1561,1820,2214,2396,2691,2928
21,370,563,970,1100,1461,1562,1821,2215,2397,2692,2929
22,371,564,971,1101,1462,1563,1822,2216,2398,2693,2930
23,372,565,972,1102,1463,1564,1823,2217,2399,2694,2931
24,373,566,973,1103,1464,1565,1824,2218,2400,2695,2932
25,374,567,974,1104,1465,1566,1825,2219,2401,2696,2933
26,375,568,975,1105,1466,1567,1826,2220,2402,2697,2934
27,376,569,976,1106,1467,1568,1827,2221,2403,2698,2935
28,377,570,977,1107,1468,1569,1828,2222,2404,2699,2936
29,378,571,978,1108,1469,1570,1829,2223,2405,2700,2937
30,379,572,979,1109,1470,1571,1830,2224,2406,2701,2938
31,380,573,980,1110,1471,1572,1831,2225,2407,2702,2939
32,381,574,981,1111,1472,1573,1832,2226,2408,2703,2940
33,382,575,982,1112,1473,1574,1833,2227,2409,2704,2941
34,383,576,983,1113,1474,1575,1834,2228,2410,2705,2942
35,384,577,984,1114,1475,1576,1835,2229,2411,2706,2943
36,385,578,985,1115,1476,1577,1836,2230,2412,2707,2944
37,386,579,986,1116,1477,1578,1837,2231,2413,2708,2945
38,387,580,987,1117,1478,1579,1838,2232,2414,2709,2946
39,388,581,988,1118,1479,1580,1839,2233,2415,2710,2947
40,389,582,989,1119,1480,1581,1840,2234,2416,2711,2948
41,390,583,990,1120,1481,1582,1841,2235,2417,2712,2949
42,391,584,991,1121,1482,1583,1842,2236,2418,2713,2950
43,392,585,992,1122,1483,1584,1843,2237,2419,2714,2951
44,393,586,993,1123,1484,1585,1844,2238,2420,2715,2952
45,394,587,994,1124,1485,1586,1845,2239,2421,2716,2953
46,395,588,995,1125,1486,1587,1846,2240,2422,2717,2954
47,396,589,996,1126,1487,1588,1847,2241,2423,2718,2955
48,397,590,997,1127,1488,1589,1848,2242,2424,2719,2956
49,398,591,998,1128,1489,1590,1849,2243,2425,2720,2957
50,399,592,999,1129,1490,1591,1850,2244,2426,2721,2958
51,400,593,1000,1130,1491,1592,1851,2245,2427,2722,2959
52,401,594,1001,1131,1492,1593,1852,2246,2428,2723,2960
53,402,595,1002,1132,1493,1594,1853,2247,2429,2724,2961
54,403,596,1003,1133,1494,1595,1854,2248,2430,2725,2962
55,404,597,1004,1134,1495,1596,1855,2249,2431,2726,2963
56,405,598,1005,1135,1496,1597,1856,2250,2432,2727,2964
57,406,599,1006,1136,1497,1598,1857,2251,2433,2728,2965
58,407,600,1007,1137,1498,1599,1858,2252,2434,2729,2966
59,408,601,1008,1138,1499,1600,1859,2253,2435,2730,2967
60,409,602,1009,1139,1500,1601,1860,2254,2436,2731,2968
61,410,603,1010,1140,1501,1602,1861,2255,2437,2732,2969
62,411,604,1011,1141,1502,1603,1862,2256,2438,2733,2970
63,412,605,1012,1142,1503,1604,1863,2257,2439,2734,2971
64,413,606,1013,1143,1504,1605,1864,2258,2440,2735,2972
65,414,607,1014,1144,1505,1606,1865,2259,2441,2736,2973
66,415,608,1015,1145,1506,1607,1866,2260,2442,2737,2974
67,416,609,1016,1146,1507,1608,1867,2261,2443,2738,2975
68,417,610,1017,1147,1508,1609,1868,2262,2444,2739,2976
69,418,611,1018,1148,1509,1610,1869,2263,2445,2740,2977
70,419,612,1019,1149,1510,1611,1870,2264,2446,2741,2978
71,420,613,1020,1150,1511,1612,1871,2265,2447,2742,2979
72,421,614,1021,1151,1512,1613,1872,2266,2448,2743,2980
73,422,615,1022,1152,1513,1614,1873,2267,2449,2744,2981
74,423,616,1023,1153,1514,1615,1874,2268,2450,2745,2982
75,424,617,1024,1154,1515,1616,1875,2269,2451,2746,2983
76,425,618,769,1155,1516,1617,1876,2270,2452,2747,2984
77,426,619,770,1156,1517,1618,1877,2271,2453,2748,2985
78,427,620,771,1157,1518,1619,1878,2272,2454,2749,2986
79,428,621,772,1158,1519,1620,1879,2273,2455,2750,2987
80,429,622,773,1159,1520,1621,1880,2274,2456,2751,2988
81,430,623,774,1160,1521,1622,1881,2275,2457,2752,2989
82,431,624,775,1161,1522,1623,1882,2276,2458,2753,2990
83,432,625,776,1162,1523,1624,1883,2277,2459,2754,2991
84,433,626,777,1163,1524,1625,1884,2278,2460,2755,2992
85,434,627,778,1164,1525,1626,1885,2279,2461,2756,2993
86,435,628,779,1165,1526,1627,1886,2280,2462,2757,2994
87,436,629,780,1166,1527,1628,1887,2281,2463,2758,2995
88,437,630,781,1167,1528,1629,1888,2282,2464,2759,2996
89,438,631,782,1168,1529,1630,1889,2283,2465,2760,2997
90,439,632,783,1169,1530,1631,1890,2284,2466,2761,2998
91,440,633,784,1170,1531,1632,1891,2285,2467,2762,2999
92,441,634,785,1171,1532,1633,1892,2286,2468,2763,3000
93,442,635,786,1172,1533,1634,1893,2287,2469,2764,3001
94,443,636,787,1173,1534,1635,1894,2288,2470,2765,3002
95,444,637,788,1174,1535,1636,1895,2289,2471,2766,3003
96,445,638,789,1175,1536,1637,1896,2290,2472,2767,3004
97,446,639,790,1176,1281,1638,1897,2291,2473,2768,3005
98,447,640,791,1177,1282,1639,1898,2292,2474,2769,3006
99,448,641,792,1178,1283,1640,1899,2293,2475,2770,3007
100,449,642,793,1179,1284,1641,1900,2294,2476,2771,3008
101,450,643,794,1180,1285,1642,1901,2295,2477,2772,3009
102,451,644,795,1181,1286,1643,1902,2296,2478,2773,3010
103,452,645,796,1182,1287,1644,1903,2297,2479,2774,3011
104,453,646,797,1183,1288,1645,1904,2298,2480,2775,3012
105,454,647,798,1184,1289,1646,1905,2299,2481,2776,3013
106,455,648,799,1185,1290,1647,1906,2300,2482,2777,3014
107,456,649,800,1186,1291,1648,1907,2301,2483,2778,3015
108,457,650,801,1187,1292,1649,1908,2302,2484,2779,3016
109,458,651,802,1188,1293,1650,1909,2303,2485,2780,3017
110,459,652,803,1189,1294,1651,1910,2304,2486,2781,3018
111,460,653,804,1190,1295,1652,1911,2049,2487,2782,3019
112,461,654,805,1191,1296,1653,1912,2050,2488,2783,3020
113,462,655,806,1192,1297,1654,1913,2051,2489,2784,3021
114,463,656,807,1193,1298,1655,1914,2052,2490,2785,3022
115,464,657,808,1194,1299,1656,1915,2053,2491,2786,3023
116,465,658,809,1195,1300,1657,1916,2054,2492,2787,3024
117,466,659,810,1196,1301,1658,1917,2055,2493,2788,3025
118,467,660,811,1197,1302,1659,1918,2056,2494,2789,3026
119,468,661,812,1198,1303,1660,1919,2057,2495,2790,3027
120,469,662,813,1199,1304,1661,1920,2058,2496,2791,3028
121,470,663,814,1200,1305,1662,1921,2059,2497,2792,3029
122,471,664,815,1201,1306,1663,1922,2060,2498,2793,3030
123,472,665,816,1202,1307,1664,1923,2061,2499,2794,3031
124,473,666,817,1203,1308,1665,1924,2062,2500,2795,3032
125,474,667,818,1204,1309,1666,1925,2063,2501,2796,3033
126,475,668,819,1205,1310,1667,1926,2064,2502,2797,3034
127,476,669,820,1206,1311,1668,1927,2065,2503,2798,3035
128,477,670,821,1207,1312,1669,1928,2066,2504,2799,3036
129,478,671,822,1208,1313,1670,1929,2067,2505,2800,3037
130,479,672,823,1209,1314,1671,1930,2068,2506,2801,3038
131,480,673,824,1210,1315,1672,1931,2069,2507,2802,3039
132,481,674,825,1211,1316,1673,1932,2070,2508,2803,3040
133,482,675,826,1212,1317,1674,1933,2071,2509,2804,3041
134,483,676,827,1213,1318,1675,1934,2072,2510,2805,3042
135,484,677,828,1214,1319,1676,1935,2073,2511,2806,3043
136,485,678,829,1215,1320,1677,1936,2074,2512,2807,3044
137,486,679,830,1216,1321,1678,1937,2075,2513,2808,3045
138,487,680,831,1217,1322,1679,1938,2076,2514,2809,3046
139,488,681,832,1218,1323,1680,1939,2077,2515,2810,3047
140,489,682,833,1219,1324,1681,1940,2078,2516,2811,3048
141,490,683,834,1220,1325,1682,1941,2079,2517,2812,3049
142,491,684,835,1221,1326,1683,1942,2080,2518,2813,3050
143,492,685,836,1222,1327,1684,1943,2081,2519,2814,3051
144,493,686,837,1223,1328,1685,1944,2082,2520,2815,3052
145,494,687,838,1224,1329,1686,1945,2083,2521,2816,3053
146,495,688,839,1225,1330,1687,1946,2084,2522,2561,3054
147,496,689,840,1226,1331,1688,1947,2085,2523,2562,3055
148,497,690,841,1227,1332,1689,1948,2086,2524,2563,3056
149,498,691,842,1228,1333,1690,1949,2087,2525,2564,3057
150,499,692,843,1229,1334,1691,1950,2088,2526,2565,3058
151,500,693,844,1230,1335,1692,1951,2089,2527,2566,3059
152,501,694,845,1231,1336,1693,1952,2090,2528,2567,3060
153,502,695,846,1232,1337,1694,1953,2091,2529,2568,3061
154,503,696,847,1233,1338,1695,1954,2092,2530,2569,3062
145,411,760,953,1104,1490,1595,1952,2211,2349,2787,2826
146,412,761,954,1105,1491,1596,1953,2212,2350,2788,2827
147,413,762,955,1106,1492,1597,1954,2213,2351,2789,2828
148,414,763,956,1107,1493,1598,1955,2214,2352,2790,2829
149,415,764,957,1108,1494,1599,1956,2215,2353,2791,2830
150,416,765,958,1109,1495,1600,1957,2216,2354,2792,2831
151,417,766,959,1110,1496,1601,1958,2217,2355,2793,2832
152,418,767,960,1111,1497,1602,1959,2218,2356,2794,2833
153,419,768,961,1112,1498,1603,1960,2219,2357,2795,2834
154,420,513,962,1113,1499,1604,1961,2220,2358,2796,2835
155,421,514,963,1114,1500,1605,1962,2221,2359,2797,2836
156,422,515,964,1115,1501,1606,1963,2222,2360,2798,2837
157,423,516,965,1116,1502,1607,1964,2223,2361,2799,2838
158,424,517,966,1117,1503,1608,1965,2224,2362,2800,2839
159,425,518,967,1118,1504,1609,1966,2225,2363,2801,2840
160,426,519,968,1119,1505,1610,1967,2226,2364,2802,2841
161,427,520,969,1120,1506,1611,1968,2227,2365,2803,2842
162,428,521,970,1121,1507,1612,1969,2228,2366,2804,2843
163,429,522,971,1122,1508,1613,1970,2229,2367,2805,2844
164,430,523,972,1123,1509,1614,1971,2230,2368,2806,2845
165,431,524,973,1124,1510,1615,1972,2231,2369,2807,2846
166,432,525,974,1125,1511,1616,1973,2232,2370,2808,2847
167,433,526,975,1126,1512,1617,1974,2233,2371,2809,2848
168,434,527,976,1127,1513,1618,1975,2234,2372,2810,2849
169,435,528,977,1128,1514,1619,1976,2235,2373,2811,2850
170,436,529,978,1129,1515,1620,1977,2236,2374,2812,2851
171,437,530,979,1130,1516,1621,1978,2237,2375,2813,2852
172,438,531,980,1131,1517,1622,1979,2238,2376,2814,2853
173,439,532,981,1132,1518,1623,1980,2239,2377,2815,2854
174,440,533,982,1133,1519,1624,1981,2240,2378,2816,2855
175,441,534,983,1134,1520,1625,1982,2241,2379,2561,2856
176,442,535,984,1135,1521,1626,1983,2242,2380,2562,2857
177,443,536,985,1136,1522,1627,1984,2243,2381,2563,2858
178,444,537,986,1137,1523,1628,1985,2244,2382,2564,2859
179,445,538,987,1138,1524,1629,1986,2245,2383,2565,2860
180,446,539,988,1139,1525,1630,1987,2246,2384,2566,2861
181,447,540,989,1140,1526,1631,1988,2247,2385,2567,2862
182,448,541,990,1141,1527,1632,1989,2248,2386,2568,2863
183,449,542,991,1142,1528,1633,1990,2249,2387,2569,2864
184,450,543,992,1143,1529,1634,1991,2250,2388,2570,2865
185,451,544,993,1144,1530,1635,1992,2251,2389,2571,2866
186,452,545,994,1145,1531,1636,1993,2252,2390,2572,2867
187,453,546,995,1146,1532,1637,1994,2253,2391,2573,2868
188,454,547,996,1147,1533,1638,1995,2254,2392,2574,2869
189,455,548,997,1148,1534,1639,1996,2255,2393,2575,2870
190,456,549,998,1149,1535,1640,1997,2256,2394,2576,2871
191,457,550,999,1150,1536,1641,1998,2257,2395,2577,2872
192,458,551,1000,1151,1281,1642,1999,2258,2396,2578,2873
193,459,552,1001,1152,1282,1643,2000,2259,2397,2579,2874
194,460,553,1002,1153,1283,1644,2001,2260,2398,2580,2875
195,461,554,1003,1154,1284,1645,2002,2261,2399,2581,2876
196,462,555,1004,1155,1285,1646,2003,2262,2400,2582,2877
197,463,556,1005,1156,1286,1647,2004,2263,2401,2583,2878
198,464,557,1006,1157,1287,1648,2005,2264,2402,2584,2879
199,465,558,1007,1158,1288,1649,2006,2265,2403,2585,2880
200,466,559,1008,1159,1289,1650,2007,2266,2404,2586,2881
201,467,560,1009,1160,1290,1651,2008,2267,2405,2587,2882
202,468,561,1010,1161,1291,1652,2009,2268,2406,2588,2883
203,469,562,1011,1162,1292,1653,2010,2269,2407,2589,2884
204,470,563,1012,1163,1293,1654,2011,2270,2408,2590,2885
205,471,564,1013,1164,1294,1655,2012,2271,2409,2591,2886
206,472,565,1014,1165,1295,1656,2013,2272,2410,2592,2887
207,473,566,1015,1166,1296,1657,2014,2273,2411,2593,2888
208,474,567,1016,1167,1297,1658,2015,2274,2412,2594,2889
209,475,568,1017,1168,1298,1659,2016,2275,2413,2595,2890
210,476,569,1018,1169,1299,1660,2017,2276,2414,2596,2891
211,477,570,1019,1170,1300,1661,2018,2277,2415,2597,2892
212,478,571,1020,1171,1301,1662,2019,2278,2416,2598,2893
213,479,572,1021,1172,1302,1663,2020,2279,2417,2599,2894
214,480,573,1022,1173,1303,1664,2021,2280,2418,2600,2895
215,481,574,1023,1174,1304,1665,2022,2281,2419,2601,2896
216,482,575,1024,1175,1305,1666,2023,2282,2420,2602,2897
217,483,576,769,1176,1306,1667,2024,2283,2421,2603,2898
218,484,577,770,1177,1307,1668,2025,2284,2422,2604,2899
219,485,578,771,1178,1308,1669,2026,2285,2423,2605,2900
220,486,579,772,1179,1309,1670,2027,2286,2424,2606,2901
221,487,580,773,1180,1310,1671,2028,2287,2425,2607,2902
222,488,581,774,1181,1311,1672,2029,2288,2426,2608,2903
223,489,582,775,1182,1312,1673,2030,2289,2427,2609,2904
224,490,583,776,1183,1313,1674,2031,2290,2428,2610,2905
225,491,584,777,1184,1314,1675,2032,2291,2429,2611,2906
226,492,585,778,1185,1315,1676,2033,2292,2430,2612,2907
227,493,586,779,1186,1316,1677,2034,2293,2431,2613,2908
228,494,587,780,1187,1317,1678,2035,2294,2432,2614,2909
229,495,588,781,1188,1318,1679,2036,2295,2433,2615,2910
230,496,589,782,1189,1319,1680,2037,2296,2434,2616,2911
231,497,590,783,1190,1320,1681,2038,2297,2435,2617,2912
232,498,591,784,1191,1321,1682,2039,2298,2436,2618,2913
233,499,592,785,1192,1322,1683,2040,2299,2437,2619,2914
234,500,593,786,1193,1323,1684,2041,2300,2438,2620,2915
235,501,594,787,1194,1324,1685,2042,2301,2439,2621,2916
236,502,595,788,1195,1325,1686,2043,2302,2440,2622,2917
237,503,596,789,1196,1326,1687,2044,2303,2441,2623,2918
238,504,597,790,1197,1327,1688,2045,2304,2442,2624,2919
239,505,598,791,1198,1328,1689,2046,2049,2443,2625,2920
240,506,599,792,1199,1329,1690,2047,2050,2444,2626,2921
241,507,600,793,1200,1330,1691,2048,2051,2445,2627,2922
242,508,601,794,1201,1331,1692,1793,2052,2446,2628,2923
243,509,602,795,1202,1332,1693,1794,2053,2447,2629,2924
244,510,603,796,1203,1333,1694,1795,2054,2448,2630,2925
245,511,604,797,1204,1334,1695,1796,2055,2449,2631,2926
246,512,605,798,1205,1335,1696,1797,2056,2450,2632,2927
247,257,606,799,1206,1336,1697,1798,2057,2451,2633,2928
248,258,607,800,1207,1337,1698,1799,2058,2452,2634,2929
249,259,608,801,1208,1338,1699,1800,2059,2453,2635,2930
250,260,609,802,1209,1339,1700,1801,2060,2454,2636,2931
251,261,610,803,1210,1340,1701,1802,2061,2455,2637,2932
252,262,611,804,1211,1341,1702,1803,2062,2456,2638,2933
253,263,612,805,1212,1342,1703,1804,2063,2457,2639,2934
254,264,613,806,1213,1343,1704,1805,2064,2458,2640,2935
255,265,614,807,1214,1344,1705,1806,2065,2459,2641,2936
256,266,615,808,1215,1345,1706,1807,2066,2460,2642,2937
1,267,616,809,1216,1346,1707,1808,2067,2461,2643,2938
2,268,617,810,1217,1347,1708,1809,2068,2462,2644,2939
3,269,618,811,1218,1348,1709,1810,2069,2463,2645,2940
4,270,619,812,1219,1349,1710,1811,2070,2464,2646,2941
5,271,620,813,1220,1350,1711,1812,2071,2465,2647,2942
6,272,621,814,1221,1351,1712,1813,2072,2466,2648,2943
7,273,622,815,1222,1352,1713,1814,2073,2467,2649,2944
8,274,623,816,1223,1353,1714,1815,2074,2468,2650,2945
9,275,624,817,1224,1354,1715,1816,2075,2469,2651,2946
10,276,625,818,1225,1355,1716,1817,2076,2470,2652,2947
11,277,626,819,1226,1356,1717,1818,2077,2471,2653,2948
12,278,627,820,1227,1357,1718,1819,2078,2472,2654,2949
13,279,628,821,1228,1358,1719,1820,2079,2473,2655,2950
14,280,629,822,1229,1359,1720,1821,2080,2474,2656,2951
15,281,630,823,1230,1360,1721,1822,2081,2475,2657,2952
16,282,631,824,1231,1361,1722,1823,2082,2476,2658,2953
17,283,632,825,1232,1362,1723,1824,2083,2477,2659,2954
18,284,633,826,1233,1363,1724,1825,2084,2478,2660,2955
19,285,634,827,1234,1364,1725,1826,2085,2479,2661,2956
20,286,635,828,1235,1365,1726,1827,2086,2480,2662,2957
21,287,636,829,1236,1366,1727,1828,2087,2481,2663,2958
22,288,637,830,1237,1367,1728,1829,2088,2482,2664,2959
23,289,638,831,1238,1368,1729,1830,2089,2483,2665,2960
24,290,639,832,1239,1369,1730,1831,2090,2484,2666,2961
25,291,640,833,1240,1370,1731,1832,2091,2485,2667,2962
26,292,641,834,1241,1371,1732,1833,2092,2486,2668,2963
27,293,642,835,1242,1372,1733,1834,2093,2487,2669,2964
28,294,643,836,1243,1373,1734,1835,2094,2488,2670,2965
29,295,644,837,1244,1374,1735,1836,2095,2489,2671,2966
30,296,645,838,1245,1375,1736,1837,2096,2490,2672,2967
31,297,646,839,1246,1376,1737,1838,2097,2491,2673,2968
32,298,647,840,1247,1377,1738,1839,2098,2492,2674,2969
33,299,648,841,1248,1378,1739,1840,2099,2493,2675,2970
34,300,649,842,1249,1379,1740,1841,2100,2494,2676,2971
35,301,650,843,1250,1380,1741,1842,2101,2495,2677,2972
36,302,651,844,1251,1381,1742,1843,2102,2496,2678,2973
37,303,652,845,1252,1382,1743,1844,2103,2497,2679,2974
38,304,653,846,1253,1383,1744,1845,2104,2498,2680,2975
39,305,654,847,1254,1384,1745,1846,2105,2499,2681,2976
40,306,655,848,1255,1385,1746,1847,2106,2500,2682,2977
41,307,656,849,1256,1386,1747,1848,2107,2501,2683,2978
42,308,657,850,1257,1387,1748,1849,2108,2502,2684,2979
43,309,658,851,1258,1388,1749,1850,2109,2503,2685,2980
44,310,659,852,1259,1389,1750,1851,2110,2504,2686,2981
45,311,660,853,1260,1390,1751,1852,2111,2505,2687,2982
46,312,661,854,1261,1391,1752,1853,2112,2506,2688,2983
47,313,662,855,1262,1392,1753,1854,2113,2507,2689,2984
48,314,663,856,1263,1393,1754,1855,2114,2508,2690,2985
49,315,664,857,1264,1394,1755,1856,2115,2509,2691,2986
50,316,665,858,1265,1395,1756,1857,2116,2510,2692,2987
51,317,666,859,1266,1396,1757,1858,2117,2511,2693,2988
52,318,667,860,1267,1397,1758,1859,2118,2512,2694,2989
53,319,668,861,1268,1398,1759,1860,2119,2513,2695,2990
54,320,669,862,1269,1399,1760,1861,2120,2514,2696,2991
55,321,670,863,1270,1400,1761,1862,2121,2515,2697,2992
56,322,671,864,1271,1401,1762,1863,2122,2516,2698,2993
57,323,672,865,1272,1402,1763,1864,2123,2517,2699,2994
58,324,673,866,1273,1403,1764,1865,2124,2518,2700,2995
59,325,674,867,1274,1404,1765,1866,2125,2519,2701,2996
60,326,675,868,1275,1405,1766,1867,2126,2520,2702,2997
61,327,676,869,1276,1406,1767,1868,2127,2521,2703,2998
62,328,677,870,1277,1407,1768,1869,2128,2522,2704,2999
63,329,678,871,1278,1408,1769,1870,2129,2523,2705,3000
64,330,679,872,1279,1409,1770,1871,2130,2524,2706,3001
65,331,680,873,1280,1410,1771,1872,2131,2525,2707,3002
66,332,681,874,1025,1411,1772,1873,2132,2526,2708,3003
67,333,682,875,1026,1412,1773,1874,2133,2527,2709,3004
68,334,683,876,1027,1413,1774,1875,2134,2528,2710,3005
69,335,684,877,1028,1414,1775,1876,2135,2529,2711,3006
70,336,685,878,1029,1415,1776,1877,2136,2530,2712,3007
71,337,686,879,1030,1416,1777,1878,2137,2531,2713,3008
72,338,687,880,1031,1417,1778,1879,2138,2532,2714,3009
73,339,688,881,1032,1418,1779,1880,2139,2533,2715,3010
74,340,689,882,1033,1419,1780,1881,2140,2534,2716,3011
75,341,690,883,1034,1420,1781,1882,2141,2535,2717,3012
76,342,691,884,1035,1421,1782,1883,2142,2536,2718,3013
77,343,692,885,1036,1422,1783,1884,2143,2537,2719,3014
78,344,693,886,1037,1423,1784,1885,2144,2538,2720,3015
79,345,694,887,1038,1424,1785,1886,2145,2539,2721,3016
80,346,695,888,1039,1425,1786,1887,2146,2540,2722,3017
81,347,696,889,1040,1426,1787,1888,2147,2541,2723,3018
82,348,697,890,1041,1427,1788,1889,2148,2542,2724,3019
83,349,698,891,1042,1428,1789,1890,2149,2543,2725,3020
84,350,699,892,1043,1429,1790,1891,2150,2544,2726,3021
85,351,700,893,1044,1430,1791,1892,2151,2545,2727,3022
86,352,701,894,1045,1431,1792,1893,2152,2546,2728,3023
87,353,702,895,1046,1432,1537,1894,2153,2547,2729,3024
88,354,703,896,1047,1433,1538,1895,2154,2548,2730,3025
89,355,704,897,1048,1434,1539,1896,2155,2549,2731,3026
90,356,705,898,1049,1435,1540,1897,2156,2550,2732,3027
91,357,706,899,1050,1436,1541,1898,2157,2551,2733,3028
92,358,707,900,1051,1437,1542,1899,2158,2552,2734,3029
93,359,708,901,1052,1438,1543,1900,2159,2553,2735,3030
94,360,709,902,1053,1439,1544,1901,2160,2554,2736,3031
95,361,710,903,1054,1440,1545,1902,2161,2555,2737,3032
96,362,711,904,1055,1441,1546,1903,2162,2556,2738,3033
97,363,712,905,1056,1442,1547,1904,2163,2557,2739,3034
98,364,713,906,1057,1443,1548,1905,2164,2558,2740,3035
99,365,714,907,1058,1444,1549,1906,2165,2559,2741,3036
100,366,715,908,1059,1445,1550,1907,2166,2560,2742,3037
101,367,716,909,1060,1446,1551,1908,2167,2305,2743,3038
102,368,717,910,1061,1447,1552,1909,2168,2306,2744,3039
103,369,718,911,1062,1448,1553,1910,2169,2307,2745,3040
104,370,719,912,1063,1449,1554,1911,2170,2308,2746,3041
105,371,720,913,1064,1450,1555,1912,2171,2309,2747,3042
106,372,721,914,1065,1451,1556,1913,2172,2310,2748,3043
107,373,722,915,1066,1452,1557,1914,2173,2311,2749,3044
108,374,723,916,1067,1453,1558,1915,2174,2312,2750,3045
109,375,724,917,1068,1454,1559,1916,2175,2313,2751,3046
110,376,725,918,1069,1455,1560,1917,2176,2314,2752,3047
111,377,726,919,1070,1456,1561,1918,2177,2315,2753,3048
112,378,727,920,1071,1457,1562,1919,2178,2316,2754,3049
113,379,728,921,1072,1458,1563,1920,2179,2317,2755,3050
114,380,729,922,1073,1459,1564,1921,2180,2318,2756,3051
115,381,730,923,1074,1460,1565,1922,2181,2319,2757,3052
116,382,731,924,1075,1461,1566,1923,2182,2320,2758,3053
117,383,732,925,1076,1462,1567,1924,2183,2321,2759,3054
118,384,733,926,1077,1463,1568,1925,2184,2322,2760,3055
119,385,734,927,1078,1464,1569,1926,2185,2323,2761,3056
120,386,735,928,1079,1465,1570,1927,2186,2324,2762,3057
121,387,736,929,1080,1466,1571,1928,2187,2325,2763,3058
122,388,737,930,1081,1467,1572,1929,2188,2326,2764,3059
123,389,738,931,1082,1468,1573,1930,2189,2327,2765,3060
124,390,739,932,1083,1469,1574,1931,2190,2328,2766,3061
125,391,740,933,1084,1470,1575,1932,2191,2329,2767,3062
126,392,741,934,1085,1471,1576,1933,2192,2330,2768,3063
127,393,742,935,1086,1472,1577,1934,2193,2331,2769,3064
128,394,743,936,1087,1473,1578,1935,2194,2332,2770,3065
129,395,744,937,1088,1474,1579,1936,2195,2333,2771,3066
130,396,745,938,1089,1475,1580,1937,2196,2334,2772,3067
131,397,746,939,1090,1476,1581,1938,2197,2335,2773,3068
132,398,747,940,1091,1477,1582,1939,2198,2336,2774,3069
133,399,748,941,1092,1478,1583,1940,2199,2337,2775,3070
134,400,749,942,1093,1479,1584,1941,2200,2338,2776,3071
135,401,750,943,1094,1480,1585,1942,2201,2339,2777,3072
136,402,751,944,1095,1481,1586,1943,2202,2340,2778,2817
137,403,752,945,1096,1482,1587,1944,2203,2341,2779,2818
138,404,753,946,1097,1483,1588,1945,2204,2342,2780,2819
139,405,754,947,1098,1484,1589,1946,2205,2343,2781,2820
140,406,755,948,1099,1485,1590,1947,2206,2344,2782,2821
141,407,756,949,1100,1486,1591,1948,2207,2345,2783,2822
142,408,757,950,1101,1487,1592,1949,2208,2346,2784,2823
143,409,758,951,1102,1488,1593,1950,2209,2347,2785,2824
144,410,759,952,1103,1489,1594,1951,2210,2348,2786,2825
49,401,667,1016,1209,1360,1746,1851,2208,2467,2605,3043
50,402,668,1017,1210,1361,1747,1852,2209,2468,2606,3044
51,403,669,1018,1211,1362,1748,1853,2210,2469,2607,3045
52,404,670,1019,1212,1363,1749,1854,2211,2470,2608,3046
53,405,671,1020,1213,1364,1750,1855,2212,2471,2609,3047
54,406,672,1021,1214,1365,1751,1856,2213,2472,2610,3048
55,407,673,1022,1215,1366,1752,1857,2214,2473,2611,3049
56,408,674,1023,1216,1367,1753,1858,2215,2474,2612,3050
57,409,675,1024,1217,1368,1754,1859,2216,2475,2613,3051
58,410,676,769,1218,1369,1755,1860,2217,2476,2614,3052
59,411,677,770,1219,1370,1756,1861,2218,2477,2615,3053
60,412,678,771,1220,1371,1757,1862,2219,2478,2616,3054
61,413,679,772,1221,1372,1758,1863,2220,2479,2617,3055
62,414,680,773,1222,1373,1759,1864,2221,2480,2618,3056
63,415,681,774,1223,1374,1760,1865,2222,2481,2619,3057
64,416,682,775,1224,1375,1761,1866,2223,2482,2620,3058
65,417,683,776,1225,1376,1762,1867,2224,2483,2621,3059
66,418,684,777,1226,1377,1763,1868,2225,2484,2622,3060
67,419,685,778,1227,1378,1764,1869,2226,2485,2623,3061
68,420,686,779,1228,1379,1765,1870,2227,2486,2624,3062
69,421,687,780,1229,1380,1766,1871,2228,2487,2625,3063
70,422,688,781,1230,1381,1767,1872,2229,2488,2626,3064
71,423,689,782,1231,1382,1768,1873,2230,2489,2627,3065
72,424,690,783,1232,1383,1769,1874,2231,2490,2628,3066
73,425,691,784,1233,1384,1770,1875,2232,2491,2629,3067
74,426,692,785,1234,1385,1771,1876,2233,2492,2630,3068
75,427,693,786,1235,1386,1772,1877,2234,2493,2631,3069
76,428,694,787,1236,1387,1773,1878,2235,2494,2632,3070
77,429,695,788,1237,1388,1774,1879,2236,2495,2633,3071
78,430,696,789,1238,1389,1775,1880,2237,2496,2634,3072
79,431,697,790,1239,1390,1776,1881,2238,2497,2635,2817
80,432,698,791,1240,1391,1777,1882,2239,2498,2636,2818
81,433,699,792,1241,1392,1778,1883,2240,2499,2637,2819
82,434,700,793,1242,1393,1779,1884,2241,2500,2638,2820
83,435,701,794,1243,1394,1780,1885,2242,2501,2639,2821
84,436,702,795,1244,1395,1781,1886,2243,2502,2640,2822
85,437,703,796,1245,1396,1782,1887,2244,2503,2641,2823
86,438,704,797,1246,1397,1783,1888,2245,2504,2642,2824
87,439,705,798,1247,1398,1784,1889,2246,2505,2643,2825
88,440,706,799,1248,1399,1785,1890,2247,2506,2644,2826
89,441,707,800,1249,1400,1786,1891,2248,2507,2645,2827
90,442,708,801,1250,1401,1787,1892,2249,2508,2646,2828
91,443,709,802,1251,1402,1788,1893,2250,2509,2647,2829
92,444,710,803,1252,1403,1789,1894,2251,2510,2648,2830
93,445,711,804,1253,1404,1790,1895,2252,2511,2649,2831
94,446,712,805,1254,1405,1791,1896,2253,2512,2650,2832
95,447,713,806,1255,1406,1792,1897,2254,2513,2651,2833
96,448,714,807,1256,1407,1537,1898,2255,2514,2652,2834
97,449,715,808,1257,1408,1538,1899,2256,2515,2653,2835
98,450,716,809,1258,1409,1539,1900,2257,2516,2654,2836
99,451,717,810,1259,1410,1540,1901,2258,2517,2655,2837
100,452,718,811,1260,1411,1541,1902,2259,2518,2656,2838
101,453,719,812,1261,1412,1542,1903,2260,2519,2657,2839
102,454,720,813,1262,1413,1543,1904,2261,2520,2658,2840
103,455,721,814,1263,1414,1544,1905,2262,2521,2659,2841
104,456,722,815,1264,1415,1545,1906,2263,2522,2660,2842
105,457,723,816,1265,1416,1546,1907,2264,2523,2661,2843
106,458,724,817,1266,1417,1547,1908,2265,2524,2662,2844
107,459,725,818,1267,1418,1548,1909,2266,2525,2663,2845
108,460,726,819,1268,1419,1549,1910,2267,2526,2664,2846
109,461,727,820,1269,1420,1550,1911,2268,2527,2665,2847
110,462,728,821,1270,1421,1551,1912,2269,2528,2666,2848
111,463,729,822,1271,1422,1552,1913,2270,2529,2667,2849
112,464,730,823,1272,1423,1553,1914,2271,2530,2668,2850
113,465,731,824,1273,1424,1554,1915,2272,2531,2669,2851
114,466,732,825,1274,1425,1555,1916,2273,2532,2670,2852
115,467,733,826,1275,1426,1556,1917,2274,2533,2671,2853
116,468,734,827,1276,1427,1557,1918,2275,2534,2672,2854
117,469,735,828,1277,1428,1558,1919,2276,2535,2673,2855
118,470,736,829,1278,1429,1559,1920,2277,2536,2674,2856
119,471,737,830,1279,1430,1560,1921,2278,2537,2675,2857
120,472,738,831,1280,1431,1561,1922,2279,2538,2676,2858
121,473,739,832,1025,1432,1562,1923,2280,2539,2677,2859
122,474,740,833,1026,1433,1563,1924,2281,2540,2678,2860
123,475,741,834,1027,1434,1564,1925,2282,2541,2679,2861
124,476,742,835,1028,1435,1565,1926,2283,2542,2680,2862
125,477,743,836,1029,1436,1566,1927,2284,2543,2681,2863
126,478,744,837,1030,1437,1567,1928,2285,2544,2682,2864
127,479,745,838,1031,1438,1568,1929,2286,2545,2683,2865
128,480,746,839,1032,1439,1569,1930,2287,2546,2684,2866
129,481,747,840,1033,1440,1570,1931,2288,2547,2685,2867
130,482,748,841,1034,1441,1571,1932,2289,2548,2686,2868
131,483,749,842,1035,1442,1572,1933,2290,2549,2687,2869
132,484,750,843,1036,1443,1573,1934,2291,2550,2688,2870
133,485,751,844,1037,1444,1574,1935,2292,2551,2689,2871
134,486,752,845,1038,1445,1575,1936,2293,2552,2690,2872
135,487,753,846,1039,1446,1576,1937,2294,2553,2691,2873
136,488,754,847,1040,1447,1577,1938,2295,2554,2692,2874
137,489,755,848,1041,1448,1578,1939,2296,2555,2693,2875
138,490,756,849,1042,1449,1579,1940,2297,2556,2694,2876
139,491,757,850,1043,1450,1580,1941,2298,2557,2695,2877
140,492,758,851,1044,1451,1581,1942,2299,2558,2696,2878
141,493,759,852,1045,1452,1582,1943,2300,2559,2697,2879
142,494,760,853,1046,1453,1583,1944,2301,2560,2698,2880
143,495,761,854,1047,1454,1584,1945,2302,2305,2699,2881
144,496,762,855,1048,1455,1585,1946,2303,2306,2700,2882
145,497,763,856,1049,1456,1586,1947,2304,2307,2701,2883
146,498,764,857,1050,1457,1587,1948,2049,2308,2702,2884
147,499,765,858,1051,1458,1588,1949,2050,2309,2703,2885
148,500,766,859,1052,1459,1589,1950,2051,2310,2704,2886
149,501,767,860,1053,1460,1590,1951,2052,2311,2705,2887
150,502,768,861,1054,1461,1591,1952,2053,2312,2706,2888
151,503,513,862,1055,1462,1592,1953,2054,2313,2707,2889
152,504,514,863,1056,1463,1593,1954,2055,2314,2708,2890
153,505,515,864,1057,1464,1594,1955,2056,2315,2709,2891
154,506,516,865,1058,1465,1595,1956,2057,2316,2710,2892
155,507,517,866,1059,1466,1596,1957,2058,2317,2711,2893
156,508,518,867,1060,1467,1597,1958,2059,2318,2712,2894
157,509,519,868,1061,1468,1598,1959,2060,2319,2713,2895
158,510,520,869,1062,1469,1599,1960,2061,2320,2714,2896
159,511,521,870,1063,1470,1600,1961,2062,2321,2715,2897
160,512,522,871,1064,1471,1601,1962,2063,2322,2716,2898
161,257,523,872,1065,1472,1602,1963,2064,2323,2717,2899
162,258,524,873,1066,1473,1603,1964,2065,2324,2718,2900
163,259,525,874,1067,1474,1604,1965,2066,2325,2719,2901
164,260,526,875,1068,1475,1605,1966,2067,2326,2720,2902
165,261,527,876,1069,1476,1606,1967,2068,2327,2721,2903
166,262,528,877,1070,1477,1607,1968,2069,2328,2722,2904
167,263,529,878,1071,1478,1608,1969,2070,2329,2723,2905
168,264,530,879,1072,1479,1609,1970,2071,2330,2724,2906
169,265,531,880,1073,1480,1610,1971,2072,2331,2725,2907
170,266,532,881,1074,1481,1611,1972,2073,2332,2726,2908
171,267,533,882,1075,1482,1612,1973,2074,2333,2727,2909
172,268,534,883,1076,1483,1613,1974,2075,2334,2728,2910
173,269,535,884,1077,1484,1614,1975,2076,2335,2729,2911
174,270,536,885,1078,1485,1615,1976,2077,2336,2730,2912
175,271,537,886,1079,1486,1616,1977,2078,2337,2731,2913
176,272,538,887,1080,1487,1617,1978,2079,2338,2732,2914
177,273,539,888,1081,1488,1618,1979,2080,2339,2733,2915
178,274,540,889,1082,1489,1619,1980,2081,2340,2734,2916
179,275,541,890,1083,1490,1620,1981,2082,2341,2735,2917
180,276,542,891,1084,1491,1621,1982,2083,2342,2736,2918
181,277,543,892,1085,1492,1622,1983,2084,2343,2737,2919
182,278,544,893,1086,1493,1623,1984,2085,2344,2738,2920
183,279,545,894,1087,1494,1624,1985,2086,2345,2739,2921
184,280,546,895,1088,1495,1625,1986,2087,2346,2740,2922
185,281,547,896,1089,1496,1626,1987,2088,2347,2741,2923
186,282,548,897,1090,1497,1627,1988,2089,2348,2742,2924
187,283,549,898,1091,1498,1628,1989,2090,2349,2743,2925
188,284,550,899,1092,1499,1629,1990,2091,2350,2744,2926
189,285,551,900,1093,1500,1630,1991,2092,2351,2745,2927
190,286,552,901,1094,1501,1631,1992,2093,2352,2746,2928
191,287,553,902,1095,1502,1632,1993,2094,2353,2747,2929
192,288,554,903,1096,1503,1633,1994,2095,2354,2748,2930
193,289,555,904,1097,1504,1634,1995,2096,2355,2749,2931
194,290,556,905,1098,1505,1635,1996,2097,2356,2750,2932
195,291,557,906,1099,1506,1636,1997,2098,2357,2751,2933
196,292,558,907,1100,1507,1637,1998,2099,2358,2752,2934
197,293,559,908,1101,1508,1638,1999,2100,2359,2753,2935
198,294,560,909,1102,1509,1639,2000,2101,2360,2754,2936
199,295,561,910,1103,1510,1640,2001,2102,2361,2755,2937
200,296,562,911,1104,1511,1641,2002,2103,2362,2756,2938
201,297,563,912,1105,1512,1642,2003,2104,2363,2757,2939
202,298,564,913,1106,1513,1643,2004,2105,2364,2758,2940
203,299,565,914,1107,1514,1644,2005,2106,2365,2759,2941
204,300,566,915,1108,1515,1645,2006,2107,2366,2760,2942
205,301,567,916,1109,1516,1646,2007,2108,2367,2761,2943
206,302,568,917,1110,1517,1647,2008,2109,2368,2762,2944
207,303,569,918,1111,1518,1648,2009,2110,2369,2763,2945
208,304,570,919,1112,1519,1649,2010,2111,2370,2764,2946
209,305,571,920,1113,1520,1650,2011,2112,2371,2765,2947
210,306,572,921,1114,1521,1651,2012,2113,2372,2766,2948
211,307,573,922,1115,1522,1652,2013,2114,2373,2767,2949
212,308,574,923,1116,1523,1653,2014,2115,2374,2768,2950
213,309,575,924,1117,1524,1654,2015,2116,2375,2769,2951
214,310,576,925,1118,1525,1655,2016,2117,2376,2770,2952
215,311,577,926,1119,1526,1656,2017,2118,2377,2771,2953
216,312,578,927,1120,1527,1657,2018,2119,2378,2772,2954
217,313,579,928,1121,1528,1658,2019,2120,2379,2773,2955
218,314,580,929,1122,1529,1659,2020,2121,2380,2774,2956
219,315,581,930,1123,1530,1660,2021,2122,2381,2775,2957
220,316,582,931,1124,1531,1661,2022,2123,2382,2776,2958
221,317,583,932,1125,1532,1662,2023,2124,2383,2777,2959
222,318,584,933,1126,1533,1663,2024,2125,2384,2778,2960
223,319,585,934,1127,1534,1664,2025,2126,2385,2779,2961
224,320,586,935,1128,1535,1665,2026,2127,2386,2780,2962
225,321,587,936,1129,1536,1666,2027,2128,2387,2781,2963
226,322,588,937,1130,1281,1667,2028,2129,2388,2782,2964
227,323,589,938,1131,1282,1668,2029,2130,2389,2783,2965
228,324,590,939,1132,1283,1669,2030,2131,2390,2784,2966
229,325,591,940,1133,1284,1670,2031,2132,2391,2785,2967
230,326,592,941,1134,1285,1671,2032,2133,2392,2786,2968
231,327,593,942,1135,1286,1672,2033,2134,2393,2787,2969
232,328,594,943,1136,1287,1673,2034,2135,2394,2788,2970
233,329,595,944,1137,1288,1674,2035,2136,2395,2789,2971
234,330,596,945,1138,1289,1675,2036,2137,2396,2790,2972
235,331,597,946,1139,1290,1676,2037,2138,2397,2791,2973
236,332,598,947,1140,1291,1677,2038,2139,2398,2792,2974
237,333,599,948,1141,1292,1678,2039,2140,2399,2793,2975
238,334,600,949,1142,1293,1679,2040,2141,2400,2794,2976
239,335,601,950,1143,1294,1680,2041,2142,2401,2795,2977
240,336,602,951,1144,1295,1681,2042,2143,2402,2796,2978
241,337,603,952,1145,1296,1682,2043,2144,2403,2797,2979
242,338,604,953,1146,1297,1683,2044,2145,2404,2798,2980
243,339,605,954,1147,1298,1684,2045,2146,2405,2799,2981
244,340,606,955,1148,1299,1685,2046,2147,2406,2800,2982
245,341,607,956,1149,1300,1686,2047,2148,2407,2801,2983
246,342,608,957,1150,1301,1687,2048,2149,2408,2802,2984
247,343,609,958,1151,1302,1688,1793,2150,2409,2803,2985
248,344,610,959,1152,1303,1689,1794,2151,2410,2804,2986
249,345,611,960,1153,1304,1690,1795,2152,2411,2805,2987
250,346,612,961,1154,1305,1691,1796,2153,2412,2806,2988
251,347,613,962,1155,1306,1692,1797,2154,2413,2807,2989
252,348,614,963,1156,1307,1693,1798,2155,2414,2808,2990
253,349,615,964,1157,1308,1694,1799,2156,2415,2809,2991
254,350,616,965,1158,1309,1695,1800,2157,2416,2810,2992
255,351,617,966,1159,1310,1696,1801,2158,2417,2811,2993
256,352,618,967,1160,1311,1697,1802,2159,2418,2812,2994
1,353,619,968,1161,1312,1698,1803,2160,2419,2813,2995
2,354,620,969,1162,1313,1699,1804,2161,2420,2814,2996
3,355,621,970,1163,1314,1700,1805,2162,2421,2815,2997
4,356,622,971,1164,1315,1701,1806,2163,2422,2816,2998
5,357,623,972,1165,1316,1702,1807,2164,2423,2561,2999
6,358,624,973,1166,1317,1703,1808,2165,2424,2562,3000
7,359,625,974,1167,1318,1704,1809,2166,2425,2563,3001
8,360,626,975,1168,1319,1705,1810,2167,2426,2564,3002
9,361,627,976,1169,1320,1706,1811,2168,2427,2565,3003
10,362,628,977,1170,1321,1707,1812,2169,2428,2566,3004
11,363,629,978,1171,1322,1708,1813,2170,2429,2567,3005
12,364,630,979,1172,1323,1709,1814,2171,2430,2568,3006
13,365,631,980,1173,1324,1710,1815,2172,2431,2569,3007
14,366,632,981,1174,1325,1711,1816,2173,2432,2570,3008
15,367,633,982,1175,1326,1712,1817,2174,2433,2571,3009
16,368,634,983,1176,1327,1713,1818,2175,2434,2572,3010
17,369,635,984,1177,1328,1714,1819,2176,2435,2573,3011
18,370,636,985,1178,1329,1715,1820,2177,2436,2574,3012
19,371,637,986,1179,1330,1716,1821,2178,2437,2575,3013
20,372,638,987,1180,1331,1717,1822,2179,2438,2576,3014
21,373,639,988,1181,1332,1718,1823,2180,2439,2577,3015
22,374,640,989,1182,1333,1719,1824,2181,2440,2578,3016
23,375,641,990,1183,1334,1720,1825,2182,2441,2579,3017
24,376,642,991,1184,1335,1721,1826,2183,2442,2580,3018
25,377,643,992,1185,1336,1722,1827,2184,2443,2581,3019
26,378,644,993,1186,1337,1723,1828,2185,2444,2582,3020
27,379,645,994,1187,1338,1724,1829,2186,2445,2583,3021
28,380,646,995,1188,1339,1725,1830,2187,2446,2584,3022
29,381,647,996,1189,1340,1726,1831,2188,2447,2585,3023
30,382,648,997,1190,1341,1727,1832,2189,2448,2586,3024
31,383,649,998,1191,1342,1728,1833,2190,2449,2587,3025
32,384,650,999,1192,1343,1729,1834,2191,2450,2588,3026
33,385,651,1000,1193,1344,1730,1835,2192,2451,2589,3027
34,386,652,1001,1194,1345,1731,1836,2193,2452,2590,3028
35,387,653,1002,1195,1346,1732,1837,2194,2453,2591,3029
36,388,654,1003,1196,1347,1733,1838,2195,2454,2592,3030
37,389,655,1004,1197,1348,1734,1839,2196,2455,2593,3031
38,390,656,1005,1198,1349,1735,1840,2197,2456,2594,3032
39,391,657,1006,1199,1350,1736,1841,2198,2457,2595,3033
40,392,658,1007,1200,1351,1737,1842,2199,2458,2596,3034
41,393,659,1008,1201,1352,1738,1843,2200,2459,2597,3035
42,394,660,1009,1202,1353,1739,1844,2201,2460,2598,3036
43,395,661,1010,1203,1354,1740,1845,2202,2461,2599,3037
44,396,662,1011,1204,1355,1741,1846,2203,2462,2600,3038
45,397,663,1012,1205,1356,1742,1847,2204,2463,2601,3039
46,398,664,1013,1206,1357,1743,1848,2205,2464,2602,3040
47,399,665,1014,1207,1358,1744,1849,2206,2465,2603,3041
48,400,666,1015,1208,1359,1745,1850,2207,2466,2604,3042
